"600073","0","1","2","0","0","764","0","0","1","1","1","0","0","0","0","0","0","False","False","False","由於發生了緊急事態，因此所有升降機都暫停使用了，<hex:02100103>此次情況史無前例，所以目前無法確定何時能夠恢復運作。<hex:02100103>現在請優先考慮自身安全。","0","0"
"600072","0","1","2","0","0","5696","0","0","1","1","1","0","0","0","0","0","0","False","False","False","這裡是兌換靈魂資源的窗口。<hex:02100103>佐拉加王弄出那場慘劇後，來兌換靈魂資源的人劇增，<hex:02100103>再加上要優先分配給狩獵者，所以兌換需要等待一些時間。","0","0"
"600075","0","1","1","0","0","765","0","0","1","1","1","0","0","0","0","0","0","False","False","False","雖然我在剛才的那場襲擊中平安倖存，但是妻子的家人卻……<hex:02100103>多虧有靈魂資源他們才撿回一條命，不過還是受了很大的刺激。<hex:02100103>我都不敢想像他們當時有多害怕……","0","0"
"600074","0","1","2","0","0","764","0","0","1","1","1","0","0","0","0","0","0","False","False","False","這裡是升降機大廳，由於是公務區域，<hex:02100103>因此只有獲得許可的人才可以使用。<hex:02100103>敬請諒解。","0","0"
"600077","0","1","1","0","0","9072","0","0","1","1","1","0","0","0","0","0","0","False","False","False","聽說襲擊的受害者可以得到撫卹金，<hex:02100103>不過目前還沒有正式公布這件事……<hex:02100103>我都懷疑是不是真有此事。","0","0"
"600076","0","1","1","0","0","9072","0","0","1","1","1","0","0","0","0","0","0","False","False","False","在妻子的提議下，<hex:02100103>我決定向政府申請能多些時間陪伴家人的工作。<hex:02100103>畢竟以後的事誰也說不定……","0","0"
"600079","0","1","1","0","0","765","0","0","1","1","1","0","0","0","0","0","0","False","False","False","雖然多處因佐拉加王的野蠻行徑受到損害，<hex:02100103>但商業區域卻基本上沒什麼損失，還可以繼續交易。<hex:02100103>如果經濟停滯，恐怕形勢會更糟，現在這樣真是不幸中的萬幸。","0","0"
"600078","0","1","1","0","0","765","0","0","1","1","1","0","0","0","0","0","0","False","False","False","人們已經逐漸從那場襲擊造成的恐慌中走了出來，<hex:02100103>但是行政方面想要完全恢復還需要一些時間。<hex:02100103>雖然古魯加大人年齡尚小，但我希望他能早日挑起大梁。","0","0"
"600065","0","1","2","0","0","933","0","0","1","1","1","624","0","0","0","0","0","False","False","False","感覺四周的空氣充滿了不安……<hex:02100103>不過正是這種時候，才需要遊戲一下放鬆身心，你覺得呢？","0","0"
"600064","0","1","2","0","0","764","0","0","1","1","1","0","605","0","0","0","0","False","False","False","有什麼能幫您的嗎？<hex:02100103>我們負責為來到這裡的客人提供服務。","那邊的玉皮露是我的妹妹，<hex:02100103>跟我一起在這裡工作。<hex:02100103>方便的話，請您也去跟她交流一下吧。","0"
"600067","0","1","2","0","0","5696","0","0","1","1","1","0","0","0","0","0","0","False","False","False","這裡是處理職業相關事務的窗口。<hex:02100103>不過最近這裡變成了大家傾訴不安的地方……<hex:02100103>為了緩解大家不安的情緒，我會盡我所能。","0","0"
"600066","0","1","2","0","0","9003","0","0","1","1","1","605","0","0","0","0","0","False","False","False","接下來圖萊尤拉將會進入動盪的時代。<hex:02100103>越是這種時候，越不能讓精神太過緊繃！<hex:02100103>我會好好想一想有沒有什麼遊戲的新點子，方便大家放鬆！","0","0"
"600069","0","1","2","0","0","757","0","0","1","1","1","624","0","0","0","0","0","False","False","False","就算一味地傷心，理王也無法安息。<hex:02100103>我會一直在這裡調酒的，<hex:02100103>你要是想喝點什麼，就來點單吧。","0","0"
"600068","0","1","2","0","0","757","0","0","1","1","1","0","0","0","0","0","0","False","False","False","我搞不懂武王的意圖。<hex:02100103>我能做的也只有搖動調酒器而已，<hex:02100103>這樣多少也能為大家提供一些安慰。","0","0"
"600071","0","1","2","0","0","5665","0","0","1","1","1","6229","0","0","0","0","0","False","False","False","我無法理解為什麼要讓那麼年幼的孩子繼承王位。<hex:02100103>而且原本是理王武王共治，現在卻只有一個繼承人。<hex:02100103>算了算了，想這些也得不到答案，還是喝酒忘掉一切吧！","0","0"
"600070","0","1","2","0","0","4229","0","0","1","1","1","0","0","0","0","0","0","False","False","False","老實說，我一直覺得佐拉加王有點可怕。<hex:02100103>我小聲跟你說啊，其實我一點都不意外他會下令襲擊國民……<hex:02100103>唉，都是什麼事啊，還是喝酒把這些都忘掉吧。","0","0"
"600089","0","1","2","0","0","766","0","0","1","1","1","0","0","0","0","0","0","False","False","False","越是這種時候，越要好好確認物資才行。<hex:02100103>裡面那個的箱子是來自利姆薩．羅敏薩的，眼前這個是……<hex:02100103>咦？難道我弄反了？","0","0"
"600088","0","1","2","0","0","763","4218","0","1","1","1","0","605","0","0","0","0","False","False","False","古魯加大人能繼承王位是好事，<hex:02100103>但前路未明，有人會感到不安也是在所難免的。<hex:02100103>不過我倒是不怎麼擔心。","畢竟我去圖萊尤拉觀看過那個繼位典禮了。<hex:02100103>既然烏克．拉瑪特大人願意幫忙，那我也堅信，<hex:02100103>我們可以團結一心，向著嶄新的未來邁進。","0"
"600091","0","1","2","0","0","763","0","0","1","1","1","0","0","0","0","0","0","False","False","False","烏克．拉瑪特大人和柯納大人繼承了王位，<hex:02100103>其他國家都紛紛送來了祝福。<hex:02100103>相信今後與他國的交流會越發頻繁。","0","0"
"600090","0","1","2","0","0","763","0","0","1","1","1","0","0","0","0","0","0","False","False","False","今天也運來了很多貨物。<hex:02100103>從寄往貝殼亭的貨物當中能聞到調味料的香氣……<hex:02100103>哎呀不能走神了，得趕緊把送往王宮的貨物分揀出來才行。","0","0"
"600093","0","1","2","0","0","763","0","0","1","1","1","0","0","0","0","0","0","False","False","False","這個港口今後也將繼續作為本國與外國的聯繫窗口。<hex:02100103>為了讓來訪的人都能感受到圖萊尤拉的好，<hex:02100103>我也必須努力工作才行。","0","0"
"600092","0","1","2","0","0","766","0","0","1","1","1","0","0","0","0","0","0","False","False","False","雖然我盡可能地把還算完好的貨物集中到這了……<hex:02100103>不過有些貨箱的邊緣留有焦痕，希望裡面的東西別出問題……","0","0"
"600095","0","1","2","0","0","950","0","0","1","1","1","605","0","0","0","0","0","False","False","False","風波平息，我又能安心工作了。<hex:02100103>這都要感謝為大家取回和平的聯王大人和他們的夥伴！","0","0"
"600094","0","1","2","0","0","1041","0","0","1","1","1","0","0","0","0","0","0","False","False","False","老實說，我不知道發生了什麼……<hex:02100103>但萬幸的是，我沒有受到什麼傷害。<hex:02100103>我也只是一如既往地做著自己的工作而已。","0","0"
"600081","0","1","2","0","0","763","0","0","1","1","1","0","0","0","0","0","0","False","False","False","錦磚咖啡是人們休息放鬆的場所。<hex:02100103>如今在發生了那樣的慘劇之後，來這裡的人更多了，<hex:02100103>所以我會把煮咖啡這件事堅持下去。","只要能治癒大家的內心……<hex:02100103>那我做的事情就是有價值的。","0"
"600080","0","1","1","0","0","9072","0","0","1","1","1","605","0","0","0","0","0","False","False","False","正因為現在這個時候，才更應該想一些積極樂觀的事情。<hex:02100103>比如……如果能和障壁外面進行交易的話，<hex:02100103>相信大家就會逐漸恢復活力，忘掉過去的悲傷了吧？","0","0"
"600083","0","1","2","0","0","5533","0","0","1","1","1","0","0","0","0","0","0","False","False","False","原本應該保護我們的武王卻做出那種事……<hex:02100103>雖然我身邊親朋好友都平安無事，<hex:02100103>可其他人未必能逃過一劫……實在讓人開心不起來。","0","0"
"600082","0","1","2","0","0","5696","0","0","1","1","1","0","0","0","0","0","0","False","False","False","之前斯菲恩大人時不時會光顧這裡，不過她並不是來喝咖啡的，<hex:02100103>只是帶著笑容看著聚在這裡休息的客人們。<hex:02100103>我會永遠記住那份笑容，堅持把這家咖啡廳經營下去。","0","0"
"600085","0","1","1","0","0","5591","0","0","1","1","1","0","0","0","0","0","0","False","False","False","雖然我得以倖免於難，卻完全高興不起來。<hex:02100103>希望這些綠色能為受害者帶去一份慰藉……","0","0"
"600084","0","1","2","0","0","4218","0","0","1","1","1","0","0","0","0","0","0","False","False","False","古魯加大人小小年紀便繼承了王位，<hex:02100103>身上的重擔可想而知……<hex:02100103>希望他不要勉強自己，偶爾也到大自然中安心休養一下。","0","0"
"600087","0","1","2","0","0","766","0","0","1","1","1","0","0","0","0","0","0","False","False","False","沒想到佐拉加大人居然會做出那種野蠻行徑……<hex:02100103>即使無法繼承古魯加加大人的王位，<hex:02100103>他先前也把這個國家治理得很好，奇蹟之子為什麼會走到這一步……","0","0"
"600086","0","1","1","0","0","765","0","0","1","1","1","0","0","0","0","0","0","False","False","False","我聽說居住棟前的植被是斯菲恩陛下提議弄的。<hex:02100103>如今她離世了，我們更要好好維護這裡，<hex:02100103>將她給我們留下的珍貴回憶牢牢地記在心中。","0","0"
"600105","0","1","2","0","0","9003","0","0","1","1","1","0","0","0","0","0","0","False","False","False","越是這種時候，越應當保持一種積極樂觀的心態……！<hex:02100103>我會努力接待，至少讓來到這裡的客人們稍微開心一點。","0","0"
"600104","0","1","0","0","0","0","0","0","1","1","1","0","0","0","0","0","0","False","False","False","雖然發生了很多事，但是這裡的夾餅的味道卻始終沒變。<hex:02100103>這種每日都能品嘗到的美味是構成平凡生活的點滴，<hex:02100103>是來之不易的安寧……能吃到這個真是太好了。","0","0"
"600107","0","1","2","0","0","766","0","0","1","1","1","0","0","0","0","0","0","False","False","False","啊，看樣子還是把支柱整個換掉比較好……<hex:02100103>雖然沒有受到直接攻擊，但還是被爆炸的氣浪波及，<hex:02100103>有點歪斜了。","0","0"
"600106","0","1","2","0","0","738","0","0","1","1","1","605","0","0","0","0","0","False","False","False","來來來，請不要客氣盡情地吃喝！<hex:02100103>為了慶祝聯王大人凱旋，本店還準備了特製雞尾酒！","0","0"
"600109","0","1","1","0","0","757","0","0","3","1","1","0","0","0","0","0","0","False","False","False","沒想到佐拉加大人失蹤了……<hex:02100103>但是我們的職責不會變，<hex:02100103>只需跟隨在新任聯王的身邊努力地保護這個國家。","0","0"
"600108","0","1","2","0","0","5695","0","0","1","1","1","605","0","0","0","0","0","False","False","False","這個國家今後也會在新任聯王的帶領下，<hex:02100103>不斷地發展壯大吧。<hex:02100103>我也會懷揣著對美好未來的期望努力工作的！","0","0"
"600111","0","1","1","0","0","0","0","0","3","1","1","0","0","0","0","0","0","False","False","False","沒想到敵首是佐拉加大人……<hex:02100103>但無論對手是誰，我們要做的事情都不會變，<hex:02100103>那就是留在這裡與柯納大人並肩作戰，保衛我們的國家。","0","0"
"600110","0","1","1","0","0","757","0","0","3","1","1","0","0","0","0","0","0","False","False","False","明明我們在，居然還讓圖萊尤拉陷入了危險當中……<hex:02100103>但是現在沒有時間懊惱自責，<hex:02100103>敵船仍在附近虎視眈眈，我們必須打起精神仔細警戒。","0","0"
"600097","0","1","2","0","0","764","0","0","1","1","1","0","0","0","0","0","0","False","False","False","雖然有一些貨物損壞了，但好在並非全部如此。<hex:02100103>我們並沒有失去一切，一定可以重振旗鼓的。","0","0"
"600096","0","1","2","0","0","766","0","0","1","1","1","0","0","0","0","0","0","False","False","False","新的聯王大人如果要在外交方面傾注心力的話，<hex:02100103>我的工作也會變得更加忙碌吧……<hex:02100103>不過能多掙點錢倒也不是壞事。","0","0"
"600099","0","1","1","0","0","765","0","0","1","1","1","0","0","0","0","0","0","False","False","False","真沒想到是烏克．拉瑪特大人和柯納大人繼了位……<hex:02100103>老實說這個結果很出乎意料，但還是要恭喜新聯王的誕生。<hex:02100103>乾脆來喝一杯吧！","0","0"
"600098","0","1","2","0","0","5695","0","0","1","1","1","605","0","0","0","0","0","False","False","False","聯王大人他們好不容易為大家取回了和平，<hex:02100103>我也得打起精神，努力工作才行！<hex:02100103>今天也有好多來自國外的貨物啊！","0","0"
"600101","0","1","1","0","0","765","0","0","1","1","1","605","0","0","0","0","0","False","False","False","聽說你也跟聯王大人並肩作戰了？<hex:02100103>謝謝，多虧了你們，我才能在這安心享用美味的夾餅！","0","0"
"600100","0","1","1","0","0","765","0","0","1","1","1","0","0","0","0","0","0","False","False","False","那些奇怪的機器兵襲擊了我們，它們到底是從哪來的？<hex:02100103>圖萊尤拉今後怎麼辦啊……","0","0"
"600103","0","1","0","0","0","0","0","0","1","1","1","0","0","0","0","0","0","False","False","False","我們比較幸運，沒有受傷。<hex:02100103>所以才可以像這樣吃東西，<hex:02100103>可是卻有很多人再也吃不到這裡的夾餅了……","0","0"
"600102","0","1","0","0","0","0","0","0","1","1","1","0","0","0","0","0","0","False","False","False","烏克．拉瑪特大人也很喜歡這裡的夾餅。<hex:02100103>明明都已經是武王了，卻沒有什麼架子。","0","0"
"600121","0","1","2","0","0","766","0","0","1","1","1","0","0","0","0","0","0","False","False","False","我、我的菜沒事吧？！<hex:02100103>我實在不想我的菜園出事，一步都不想離開……<hex:02100103>明明還有孩子們需要我看顧呢，唉……","0","0"
"600120","0","1","2","0","0","4218","0","0","1","1","1","0","0","0","0","0","0","False","False","False","為了今後能夠保護好自己的家鄉，<hex:02100103>大家參加模擬戰時的態度都變得格外認真了。<hex:02100103>誰都不想再看到有人在自己眼前倒下。","0","0"
"600123","0","1","2","0","0","5696","0","0","1","1","1","605","0","0","0","0","0","False","False","False","當年那個幼小的烏克．拉瑪特大人如今也已經長大成人了。<hex:02100103>聽說古魯加加大人要隱退的時候我還著實吃了一驚，<hex:02100103>不過現在看起來應該不需要擔心了。","0","0"
"600122","0","1","2","0","0","5695","0","0","1","1","1","605","0","0","0","0","0","False","False","False","嗯，馬上就要到收穫期了啊。<hex:02100103>這裡的蔬菜會供應到緹姨家的店。<hex:02100103>可以的話，你也去嘗嘗緹姨家的夾餅吧！","0","0"
"600125","0","1","2","0","0","5695","0","0","1","1","1","0","0","0","0","0","0","False","False","False","我原本對這個國家的未來一片迷茫，不過現在總算能放心了。<hex:02100103>自從繼位儀式以來，各種情況就接踵而至……<hex:02100103>果然平靜無波的日子才是福啊。","0","0"
"600124","0","1","2","0","0","766","0","0","1","1","1","0","0","0","0","0","0","False","False","False","這個國家剛剛迎來新的聯王，就發生了這樣的事情。<hex:02100103>看來要等局勢穩定下來還有很長的路要走……","0","0"
"600127","0","1","2","0","0","5696","0","0","1","1","1","0","0","0","0","0","0","False","False","False","因為之前的襲擊，所以現在全城處於戒嚴中。<hex:02100103>不過是你們的話就沒問題了，請通行。","0","0"
"600126","0","1","2","0","0","5696","0","0","1","1","1","0","0","0","0","0","0","False","False","False","你是武王參加繼位儀式時的協助者吧。<hex:02100103>你的活躍表現我們也有所耳聞。<hex:02100103>請自由通行。","0","0"
"600113","0","1","1","0","0","0","0","0","1","1","1","0","0","0","0","0","0","False","False","False","怎麼會出這種事……<hex:02100103>這座心火塔過去是用於警戒大陸北部的監視塔。<hex:02100103>現在它或許又該承擔起原有的職責了……","0","0"
"600112","0","1","1","0","0","0","0","0","3","1","1","0","0","0","0","0","0","False","False","False","雖然被之前的襲擊打了個措手不及，但我們不會再重蹈覆轍。<hex:02100103>今後必須進一步加強戒備才行。","0","0"
"600115","0","1","1","0","0","0","0","0","1","1","1","0","0","0","0","0","0","False","False","False","我準備跟高層交涉一下，<hex:02100103>看能不能把心火塔重新作為監視塔使用。<hex:02100103>為了避免再次遭到襲擊，防患於未然總是好的。","0","0"
"600114","0","1","1","0","0","0","0","0","1","1","1","0","0","0","0","0","0","False","False","False","我也聽了武王的演講。<hex:02100103>武王有如此覺悟，那我們也不能輕易放棄。<hex:02100103>即使再痛苦，我們也要為了勝利而戰！","0","0"
"600117","0","1","2","0","0","766","0","0","1","1","1","0","0","0","0","0","0","False","False","False","雖然之前每天都在訓練，可沒想到真的會迎來實戰的一天。<hex:02100103>面對從未見過的敵人，我的手還是不自覺地發抖了……<hex:02100103>真是慚愧。","0","0"
"600116","0","1","2","0","0","764","0","0","1","1","1","0","0","0","0","0","0","False","False","False","不是雙頭的輝鱗族，而是讓兩人共同擔任聯王啊。<hex:02100103>治國並非易事，的確沒有必要讓誰獨自揹負這個重擔。","0","0"
"600119","0","1","2","0","0","1041","0","0","1","1","1","0","0","0","0","0","0","False","False","False","雖然之前訓練過如何跟比自己體型更大的魔物戰鬥，<hex:02100103>但是對手是使用未知武器的機器兵時，又該如何戰鬥呢？","0","0"
"600118","0","1","2","0","0","5696","0","0","1","1","1","0","0","0","0","0","0","False","False","False","經歷了那次襲擊之後我才切身地體會到，<hex:02100103>和平是多麼的來之不易。<hex:02100103>我們要時刻警戒，靠自己的雙手來守護這份和平。","0","0"
"600137","0","1","2","0","0","5533","0","0","1","1","1","0","0","0","0","0","0","False","False","False","我會追隨著新任理王柯納大人的腳步，<hex:02100103>為了這個國家的發展鞠躬盡瘁。","0","0"
"600136","0","1","2","0","0","764","0","0","1","1","1","0","0","0","0","0","0","False","False","False","在理王沉睡期間，<hex:02100103>我們智理院也對體制進行了調整，以保證一切都能正常運作。","0","0"
"600139","0","1","2","0","0","5533","0","0","1","1","1","0","0","0","0","0","0","False","False","False","我們準備以外國的事例作為參考，<hex:02100103>和兩位聯王一起摸索今後的道路，讓這個國家變得更好。","0","0"
"600138","0","1","2","0","0","764","0","0","1","1","1","0","0","0","0","0","0","False","False","False","既然戰爭已經無法避免，那智理院自然也該做好應做之事。<hex:02100103>為了讓武王他們能心無旁騖地戰鬥，我們會全力做好分內之事。","0","0"
"600141","0","1","1","0","0","5591","0","0","1","1","1","0","0","0","0","0","0","False","False","False","我本以為從圖萊尤拉建國後，紛爭就已離我們遠去……<hex:02100103>和平持續得太久了，我們失去了對戰爭的警惕和應對能力。","0","0"
"600140","0","1","1","0","0","765","0","0","1","1","1","605","0","0","0","0","0","False","False","False","你是國外來的吧？<hex:02100103>那一定要嘗嘗這裡的夾餅。<hex:02100103>這是圖萊尤拉引以為傲的傳統美味。","0","0"
"600143","0","1","1","0","0","765","0","0","1","1","1","0","0","0","0","0","0","False","False","False","雖然最近緹姨家的塔可餅很受歡迎，<hex:02100103>不過我還是不自覺地來到了貝殼亭。<hex:02100103>大概是因為習慣了的味道更能讓內心平靜下來吧。","0","0"
"600142","0","1","1","0","0","765","0","0","1","1","1","605","0","0","0","0","0","False","False","False","終於又回到了往昔的日常生活。<hex:02100103>或許這個國家今後還會發生改變，<hex:02100103>但不管怎麼說，和平都是最可貴的。","0","0"
"600129","0","1","2","0","0","5696","0","0","1","1","1","0","0","0","0","0","0","False","False","False","前面就是沃洛克聯王宮。<hex:02100103>武王和理王都很期待你的到訪。","0","0"
"600128","0","1","2","0","0","5696","0","0","1","1","1","0","0","0","0","0","0","False","False","False","在武王回來之前，我們會一直負責守護聯王宮。<hex:02100103>請各位安心在前線奮戰，這裡就交給我們吧。","0","0"
"600131","0","1","2","0","0","5533","0","0","1","1","1","0","0","0","0","0","0","False","False","False","真沒想到會有那樣的兵器襲擊過來。<hex:02100103>光是保護身邊的人逃離就已經很吃力了……<hex:02100103>這讓我再次體會到自己還尚未成熟。","0","0"
"600130","0","1","2","0","0","767","0","0","1","1","1","0","0","0","0","0","0","False","False","False","是 <hex:022C0DFF07022903EB0203FF02200203> 啊。<hex:02100103>怎麼樣？在圖拉爾的狩獵差不多也習慣了吧？","0","0"
"600133","0","1","2","0","0","4219","0","0","1","1","1","605","0","0","0","0","0","False","False","False","呵呵呵，莊稼生長得都很不錯吧？<hex:02100103>如你所見，這裡的田地能夠吹到海風，<hex:02100103>所以培育方式上也下了一番工夫。","0","0"
"600132","0","1","2","0","0","5695","0","0","1","1","1","0","0","0","0","0","0","False","False","False","為了活下去而狩獵，在狩獵中編織生路。<hex:02100103>只有明白生命的可貴，才能通曉狩獵的意義。<hex:02100103>希望你今後能將這些謹記在心，努力狩獵。","0","0"
"600135","0","1","2","0","0","4218","0","0","1","1","1","0","0","0","0","0","0","False","False","False","如今這裡已經恢復了和平，我也可以好好照顧田地了。<hex:02100103>雖然因為襲擊一部分莊稼受損，<hex:02100103>但並不是全部，真是謝天謝地。","0","0"
"600134","0","1","2","0","0","4218","0","0","1","1","1","612","0","0","0","0","0","False","False","False","嗯，一想到有可能再次遭到襲擊我就寢食難安啊。<hex:02100103>如果我倒下了，誰來照顧這片田地呢……","0","0"
"600153","0","1","1","0","0","755","755","0","1","1","1","0","0","0","0","0","0","False","False","False","聽說方案玖發生了大規模暴動，<hex:02100103>大量機器兵襲擊市民……","用軍隊的兵器傷害自己的國民，這個國家今後會何去何從呢？<hex:02100103>唉，想想都發愁，必須得喝點酒才行。<hex:02100103>你要不要也陪我喝點？","0"
"600152","0","1","2","0","0","4218","0","0","1","1","1","624","0","0","0","0","0","False","False","False","雖然艱難的日子已經過去了，但我們更要保持警惕。<hex:02100103>未雨綢繆是最重要的。","0","0"
"600155","0","1","2","0","0","4218","0","0","1","1","1","0","0","0","0","0","0","False","False","False","聽說方案玖有機器兵引發暴動。<hex:02100103>幸運的是這裡並沒有發生類似的慘劇……<hex:02100103>但想想果然還是免不了害怕。","0","0"
"600154","0","1","1","0","0","755","0","0","1","1","1","0","0","0","0","0","0","False","False","False","斯菲恩大人不在了……<hex:02100103>我很難用語言表達現在的複雜心情……","她是那麼親切，時常會跟正在釣魚的我搭話，<hex:02100103>還興致勃勃地聽我聊關於魚類的話題……<hex:02100103>我現在還能清晰地回想起她那時的笑容。","0"
"600157","0","1","2","0","0","4219","0","0","1","1","1","0","0","0","0","0","0","False","False","False","我這樣不喜歡室外工作的人，<hex:02100103>卻因外出搞研究逃過了塔內的那場浩劫，真是諷刺啊。","我也是軍事領域的研究者，<hex:02100103>難免會因這回事件產生聯想，<hex:02100103>擔心自己的研究是否會在將來引發這種災禍……","0"
"600156","0","1","2","0","0","766","0","0","1","1","1","0","0","0","0","0","0","False","False","False","如果年幼的古魯加大人繼承王位，<hex:02100103>這個國家今後會變成什麼樣呢……","雖然像我這樣的清潔工也不用擔心會沒了工作……<hex:02100103>但要是社會一直不穩定，人們也沒辦法安心工作。","0"
"600159","0","1","2","0","0","763","4218","0","1","1","1","0","605","0","0","0","0","False","False","False","你也是來休息的嗎？<hex:02100103>我們正在談論這個國家的未來。<hex:02100103>古魯加大人繼承了王位，烏克．拉瑪特大人則成為了監護人。","雖然對此人們看法不一，但我卻完全不擔心。<hex:02100103>我相信繼承了古魯加加大人意志的烏克．拉瑪特大人，<hex:02100103>一定會讓這個國家越來越好。","0"
"600158","0","1","2","0","0","5695","0","0","1","1","1","0","605","0","0","0","0","False","False","False","你也在休息嗎？<hex:02100103>剛好我們正在聊之前塔內發生的事件……<hex:02100103>聽說是斯菲恩大人和她的客人阻止了那些襲擊市民的機器兵。","客人……說的就是你和你的夥伴吧？<hex:02100103>真的非常感謝。","0"
"600145","0","1","1","0","0","765","0","0","1","1","1","0","0","0","0","0","0","False","False","False","沒想到會發生這種事……<hex:02100103>不過烏克．拉瑪特大人他們也蠻不容易的，明明才剛上任。<hex:02100103>希望事情能早點平息吧。","0","0"
"600144","0","1","1","0","0","765","0","0","1","1","1","605","0","0","0","0","0","False","False","False","經常能在這家店裡見到烏克．拉瑪特大人。<hex:02100103>她還會跟像我這樣的普通市民搭話……<hex:02100103>如果她成為了新任國王，相信這個國家一定會變得更好。","0","0"
"600147","0","1","2","0","0","764","0","0","1","1","1","0","0","0","0","0","0","False","False","False","雖說避難或許才是個更好的選擇，<hex:02100103>不過我還是想再努力一下……<hex:02100103>我可不想中斷交易，把好不容易建立的信賴關係給毀了。","0","0"
"600146","0","1","1","0","0","651","0","0","1","1","1","0","0","0","0","0","0","False","False","False","前段時間烏克．拉瑪特大人微服私訪來了這裡。<hex:02100103>雖說一眼就能看出是她了……<hex:02100103>呵呵，不過看到她這麼有精神就很好。","0","0"
"600149","0","1","2","0","0","5695","0","0","1","1","1","0","0","0","0","0","0","False","False","False","戰場瞬息萬變。<hex:02100103>為了能隨時應對各種狀況，<hex:02100103>我需要時刻讓頭腦保持冷靜。","0","0"
"600148","0","1","2","0","0","9003","0","0","1","1","1","605","0","0","0","0","0","False","False","False","好，接下來得加把勁了！<hex:02100103>如今也沒什麼需要擔心的了，得努力為經濟做貢獻才行！","0","0"
"600151","0","1","2","0","0","1071","0","0","1","1","1","0","0","0","0","0","0","False","False","False","雖說遭到了敵人的突然襲擊，但我們也不會束手就擒。<hex:02100103>畢竟為了這一天，我們已經做了充分的準備！","0","0"
"600150","0","1","2","0","0","766","0","0","1","1","1","0","0","0","0","0","0","False","False","False","真沒想到烏克．拉瑪特大人會成為新任武王。<hex:02100103>話說佐拉加大人什麼時候回來啊？","0","0"
"600169","0","1","2","0","0","5533","0","0","1","1","1","0","0","0","0","0","0","False","False","False","火山庇護所也安靜了下來。<hex:02100103>究竟發生了什麼事了？","以前身為公務人員的母親一直受著腰痛的折磨，<hex:02100103>我本來還想帶著她一起去那裡泡溫泉呢。","0"
"600168","0","1","2","0","0","4218","0","0","1","1","1","0","0","0","0","0","0","False","False","False","曾經那樣明亮絢麗的昨日樂園，如今變得一片死寂……<hex:02100103>從這裡看到的景色也越來越索然無味了。","原本想著見到妹妹的話帶她一起去呢，<hex:02100103>現在看來也沒戲了啊。","0"
"600171","0","1","2","0","0","4219","0","0","1","1","1","0","0","0","11","0","0","False","False","False","非常抱歉，目前旋轉鐵馬停止了運作！<hex:02100103>在恢復運作之前，還請各位耐心等待！","0","0"
"600170","0","1","2","0","0","4218","5533","0","1","1","1","0","0","0","0","0","0","False","False","False","我一直期待著在這裡和家人團聚。<hex:02100103>儘管由於能量不足，永久人的數量開始不斷減少，<hex:02100103>但我還是不願放棄，一直留在這裡……","如果你就是那個關閉終端的人，<hex:02100103>那就請你把中央終端也關掉吧。<hex:02100103>只要那邊的光輝也消失了，我就可以徹底放棄了……","0"
"600173","0","1","2","0","0","933","763","0","1","1","1","0","0","0","0","0","0","False","False","False","你問我們是如何控制連個韁繩都沒有的羊駝貨車的？<hex:02100103>呵呵，其實我們是透過咂嘴和口哨<hex:02100103>來對經過訓練的羊駝們發出指示的！","用舌頭發出「咂咂」聲的話，就是讓它們停止，<hex:02100103>吹口哨的話……就是讓它們前進。<hex:02100103>你要不要也來試試看？","0"
"600172","0","1","2","0","0","4218","0","0","1","1","1","0","0","0","11","0","0","False","False","False","各位永久人請放心。<hex:02100103>生命力乙太很快就會恢復供給。","0","0"
"600175","0","1","2","0","0","4218","0","0","1","1","1","0","0","0","0","0","0","False","False","False","你到那邊的斜坡上面看過嗎？<hex:02100103>從那裡可以看到製作梅斯卡酒的過程。","0","0"
"600174","0","1","2","0","0","763","0","0","1","1","1","0","0","0","0","0","0","False","False","False","繼位儀式期間梅斯卡酒的銷量非常好！<hex:02100103>因此貨車運輸工作也隨之增加，<hex:02100103>我也一直賣力地吹口哨，讓羊駝們趕緊跑。","0","0"
"600161","0","1","2","0","0","763","764","0","1","1","1","0","0","0","0","0","0","False","False","False","我的朋友之前就住在塔內。<hex:02100103>他很喜歡吃蔬菜……<hex:02100103>可自從塔內發生暴動以來，我就再也沒見過她。","不過我至今依然還記得她，<hex:02100103>就表明她應該還活著吧……？<hex:02100103>或許她受了傷，我是不是該過去看望一下？","0"
"600160","0","1","2","0","0","763","0","0","1","1","1","0","0","0","0","0","0","False","False","False","斯菲恩大人過世了，但基礎系統執行正常，<hex:02100103>眼下的生活沒有任何問題……","即便如此，<hex:02100103>塔內的人每次來委託加工或交換撿來的材料時，<hex:02100103>我仍能在他們身上感受到不安的情緒。","0"
"600163","0","1","2","0","0","4219","0","0","1","1","1","0","0","0","0","0","0","False","False","False","從這裡採集到的雷轉質中的一部分需要上交給軍隊。<hex:02100103>如果沒了這些資源，也不知道會出現什麼樣的影響……","0","0"
"600162","0","1","2","0","0","5533","0","0","1","1","1","0","0","0","0","0","0","False","False","False","自從斯菲恩大人過世後……大家都很失落。<hex:02100103>我甚至感覺連蔬菜都失去了活力……<hex:02100103>不……蔬菜應該不至於，是我憂傷過度了。","0","0"
"600165","0","1","2","0","0","764","0","0","1","1","1","0","0","0","0","0","0","False","False","False","傳聞說現在可以離開障壁到外面去了，也不知真假……<hex:02100103>如果是真的，或許以後就不用在這片雷力過強的大地上生活了。<hex:02100103>但亞斯拉尼荒野畢竟是我的故鄉啊……","0","0"
"600164","0","1","2","0","0","763","4218","0","1","1","1","0","0","0","0","0","0","False","False","False","我認識的收藏家中，有兩位離世了。<hex:02100103>我曾去塔內問過，但大家都不記得他們了……<hex:02100103>那意味著什麼也不言而喻了。","某一天突然就把認識的人忘得一乾二淨，<hex:02100103>這明明是一件可怕的事……<hex:02100103>不過，戴著調魂器的人們應該也不會感到害怕吧。","0"
"600167","0","1","2","0","0","5696","0","0","1","1","1","0","0","0","0","0","0","False","False","False","你看，運河鎮變得一片黑暗……<hex:02100103>我還是頭一次見終端停止運作。","我原本想著，如果能在這裡與父親再會，<hex:02100103>就帶他去治癒度假村玩一玩……畢竟他身為狩獵者一直很忙碌。<hex:02100103>但現在終端關閉，這個願望已經無法實現了。","0"
"600166","0","1","1","0","0","0","0","0","1","1","1","0","0","0","0","0","0","False","False","False","不知方案玖的局勢什麼時候才能穩定下來……<hex:02100103>我覺得九宮幻卡是個放鬆身心的不錯選擇，<hex:02100103>可惜塔內沒有能陪我玩的人。","0","0"
"600185","0","1","1","0","0","5591","0","0","1","1","1","0","0","0","0","0","0","False","False","False","雖然看護人出於善意隱瞞了消息，<hex:02100103>但我們還是聽說了圖萊尤拉受襲的事。<hex:02100103>好在你平安無事，但今後會怎樣呢……","0","0"
"600184","0","1","1","0","0","9072","0","0","1","1","1","0","0","0","0","0","0","False","False","False","聽說烏克．拉瑪特大人和柯納大人繼承了王位。<hex:02100103>我想獻上最棒的禮物來紀念二位的即位。","0","0"
"600187","0","1","1","0","0","765","0","0","1","1","1","0","0","0","0","0","0","False","False","False","雖然最近發生了很多事，但我仍可以在這繼續創作……<hex:02100103>我認為這是上天對我的恩賜，每天都心懷感激。<hex:02100103>今後我也要和拉寇洛坷一起努力創作出更多好作品。","0","0"
"600186","0","1","1","0","0","9074","0","0","1","1","1","0","0","0","0","0","0","False","False","False","我很在意圖萊尤拉那邊的情況，就去問了拉寇洛坷，<hex:02100103>那些襲擊者已經撤退了啊。<hex:02100103>希望接下來情況能逐漸好轉……","0","0"
"600189","0","1","2","0","0","945","0","0","1","1","1","0","0","0","0","0","0","False","False","False","哼哧……哼哧……<hex:02100103>新任聯王的誕生 可喜可賀！<hex:02100103>得委託壺匠 製作 紀念品！","0","0"
"600188","0","1","2","0","0","763","0","0","1","1","1","0","0","0","0","0","0","False","False","False","哼哧……哼哧……<hex:02100103>烏克．拉瑪特公主 繼位儀式 好好加油啊！<hex:02100103>莫布 作為壺匠的看護人 也要加油！","0","0"
"600191","0","1","2","0","0","763","0","0","1","1","1","0","0","0","0","0","0","False","False","False","哼哧……哼哧……<hex:02100103>聽說襲擊王都的神秘敵人 都被打倒了 真的嗎？！<hex:02100103>不愧是 繼承了理王之位的 柯納大人！","0","0"
"600190","0","1","2","0","0","944","0","0","1","1","1","0","0","0","0","0","0","False","False","False","哼哧……哼哧……<hex:02100103>王都遭到 襲擊一事 莫布都聽說了……<hex:02100103>這一切 到底 是誰幹的？！","0","0"
"600177","0","1","2","0","0","764","0","0","1","1","1","0","0","0","0","0","0","False","False","False","多虧了你們和二位聯王，如今終於恢復了和平。<hex:02100103>現在正是前往圖萊尤拉向大家展示燜烤豬肉魅力的時刻。","0","0"
"600176","0","1","2","0","0","4218","0","0","1","1","1","0","0","0","0","0","0","False","False","False","雖然現在處境艱難，但我還是願意相信新任聯王。<hex:02100103>畢竟他們是古魯加加大人的孩子啊。","0","0"
"600179","0","1","2","0","0","5695","0","0","1","1","1","0","0","0","0","0","0","False","False","False","我從澤瑞加那裡聽說了。<hex:02100103>圖萊尤拉終於重歸和平。<hex:02100103>真不愧是烏克．拉瑪特大人！","0","0"
"600178","0","1","2","0","0","764","0","0","1","1","1","0","0","0","0","0","0","False","False","False","不知道那之後情況變得怎麼樣了。<hex:02100103>因為在瑪穆克很少會見到外來人員，所以能收集到的情報很少。<hex:02100103>雖然說起來這都是過去的我們造的孽……","0","0"
"600181","0","1","2","0","0","764","0","0","1","1","1","0","0","0","0","0","0","False","False","False","此次的襲擊讓我深刻認識到了<hex:02100103>以前從未正視過的和平的寶貴。","0","0"
"600180","0","1","2","0","0","763","0","0","1","1","1","0","0","0","0","0","0","False","False","False","我聽之前協助過勇連隊的人說，<hex:02100103>整個圖萊尤拉團結一心擊退了來歷不明的敵人。<hex:02100103>這份團結的力量，最終保護了王都。","0","0"
"600183","0","1","1","0","0","765","0","0","1","1","1","0","0","0","0","0","0","False","False","False","環境得到改善之後，我的創作慾望也是不斷提升。<hex:02100103>請盡情期待我的下一個作品吧。","0","0"
"600182","0","1","0","0","0","0","0","0","1","1","1","0","0","0","0","0","0","False","False","False","呼……","0","0"
"600201","0","1","2","0","0","945","0","0","1","1","1","0","0","0","0","0","0","False","False","False","哼哧……哼哧……<hex:02100103>古魯加加 一定都在 天上看到了！<hex:02100103>參與了 圖萊尤拉保衛戰的 人們的英姿 真的很棒！","0","0"
"600200","0","1","2","0","0","768","0","0","1","1","1","0","0","0","0","0","0","False","False","False","哼哧……哼哧……王都受襲 大混亂！<hex:02100103>加油 兩位新聯王 莫布支持你們！","0","0"
"600203","0","1","1","0","0","9074","0","0","1","1","1","0","0","0","0","0","0","False","False","False","烏克．拉瑪特大人如她所說的那樣，成為了這個國家的武王。<hex:02100103>我也得努力不能輸給她！","0","0"
"600202","0","1","1","0","0","9072","0","0","1","1","1","0","0","0","0","0","0","False","False","False","我會在土陶郡祈禱<hex:02100103>烏克．拉瑪特公主能在繼位儀式中贏得王位的！","0","0"
"600205","0","1","1","0","0","9074","0","0","1","1","1","0","0","0","0","0","0","False","False","False","自從圖萊尤拉遭到襲擊以來，我一直很不安，<hex:02100103>不過參與改造列車後，我總算安心一點了。<hex:02100103>原來我也能為這個國家出力啊……","0","0"
"600204","0","1","1","0","0","765","0","0","1","1","1","0","0","0","0","0","0","False","False","False","好不容易找到這個讓我可以做回自己的國家，<hex:02100103>沒想到會發生那樣的襲擊事件！<hex:02100103>雖然不知道是什麼人在搞鬼，但我絕不會原諒那些混蛋！","0","0"
"600207","0","1","1","0","0","765","0","0","1","1","1","0","0","0","0","0","0","False","False","False","即使戰爭已經結束，留給圖萊尤拉的課題依然很多。<hex:02100103>今後我也會用壺匠的方式繼續支持著這個國家。<hex:02100103>畢竟這裡是讓我做回真正的自己的地方。","0","0"
"600206","0","1","1","0","0","9072","0","0","1","1","1","0","0","0","0","0","0","False","False","False","沒想到龍族會來給圖萊尤拉助戰……<hex:02100103>究竟發生了什麼？","0","0"
"600193","0","1","2","0","0","944","0","0","1","1","1","0","0","0","0","0","0","False","False","False","哼哧……哼哧……<hex:02100103>不好意思 現在沒空試煉！","與壺匠 簽訂了契約 為了履行約定<hex:02100103>準備工作 非常忙碌……！","0"
"600192","0","1","2","0","0","945","0","0","1","1","1","0","0","0","0","0","0","False","False","False","哼哧……哼哧……<hex:02100103>戰爭結束了 終於可以安心了！<hex:02100103>果然和平 才是最重要的！","0","0"
"600195","0","1","2","0","0","945","0","0","1","1","1","0","0","0","0","0","0","False","False","False","哼哧……哼哧……<hex:02100103>王子和公主 一起 拿到了秘石！<hex:02100103>古魯加加的孩子 一個個 都這麼優秀！","0","0"
"600194","0","1","2","0","0","949","0","0","1","1","1","0","0","0","0","0","0","False","False","False","哼哧……哼哧……<hex:02100103>雖然非常感謝你 幫忙照顧 壺匠！<hex:02100103>但是 試煉要公平 這就是選王之人的 責任！","0","0"
"600197","0","1","2","0","0","763","0","0","1","1","1","0","0","0","0","0","0","False","False","False","哼哧……哼哧……<hex:02100103>公主沒事 真是太好了！<hex:02100103>不過 儀式尚未結束 今後也請 多加小心！","0","0"
"600196","0","1","2","0","0","944","0","0","1","1","1","0","0","0","0","0","0","False","False","False","哼哧……哼哧……<hex:02100103>公主 跑哪去了！<hex:02100103>一定要 平安回來啊！","0","0"
"600199","0","1","2","0","0","944","0","0","1","1","1","0","0","0","0","0","0","False","False","False","哼哧……哼哧……<hex:02100103>古魯加加 離世一事……<hex:02100103>令人痛心 令人扼腕……","0","0"
"600198","0","1","2","0","0","949","0","0","1","1","1","0","0","0","0","0","0","False","False","False","哼哧……哼哧……<hex:02100103>莫布注意到了 古魯加加的 智理之頭 離世的事……<hex:02100103>不過 柯納大人 成為理王 也不錯！","0","0"
"600217","0","1","1","0","0","0","0","0","1","1","1","0","0","0","0","0","0","False","False","False","上次是豔翼蛇鳥意外解封，這次又是圖萊尤拉受襲嗎……","0","0"
"600216","0","1","1","0","0","0","0","0","1","1","1","0","0","0","0","0","0","False","False","False","各方面穩定下來之後，就得製作新的石塔了。<hex:02100103>一定要做得宏偉一些，<hex:02100103>把討伐了豔翼蛇鳥的勇士們都刻上去。","0","0"
"600219","0","1","1","0","0","0","0","0","1","1","1","0","0","0","0","0","0","False","False","False","打倒豔翼蛇鳥後，新任聯王大人及其同伴又擊退了<hex:02100103>來自遠方的威脅……<hex:02100103>要想將這段歷史全部刻下，應該會需要很多石塔吧。","0","0"
"600218","0","1","1","0","0","0","0","0","1","1","1","0","0","0","0","0","0","False","False","False","出現在圖萊尤拉上空的飛船撤退了？<hex:02100103>那就好……希望不要再出現更多的傷員了。","0","0"
"600221","0","1","2","0","0","764","0","0","1","1","1","0","0","0","0","0","0","False","False","False","喉嚨裡的乾渴感消失了。<hex:02100103>證明擁有生命的天災已經被討伐了吧。","0","0"
"600220","0","1","2","0","0","4236","0","0","1","1","1","0","0","0","0","0","0","False","False","False","我正在確認大家需要的物資。<hex:02100103>不好意思，請不要打擾我。","0","0"
"600223","0","1","2","0","0","4236","0","0","1","1","1","0","0","0","0","0","0","False","False","False","圖萊尤拉遭到了神秘飛船的襲擊……<hex:02100103>怎麼會發生這種事……","0","0"
"600222","0","1","2","0","0","763","0","0","1","1","1","0","0","0","0","0","0","False","False","False","為了慶祝新任聯王大人的誕生，<hex:02100103>我正在整理要送往圖萊尤拉的物品。<hex:02100103>畢竟是我們的恩人，可不能怠慢了。","0","0"
"600209","0","1","2","0","0","764","0","0","1","1","1","0","0","0","0","0","0","False","False","False","是烏克．拉瑪特公主他們討伐了豔翼蛇鳥啊！<hex:02100103>我之前懷疑過公主的實力，甚至還說過一些無禮的話。<hex:02100103>這下真是完全改觀了啊！","0","0"
"600208","0","1","2","0","0","766","0","0","1","1","1","0","0","0","0","0","0","False","False","False","繼位儀式啊……<hex:02100103>繼承王位的會是誰呢？","0","0"
"600211","0","1","2","0","0","766","0","0","1","1","1","0","0","0","0","0","0","False","False","False","聽聞圖萊尤拉遭遇了大規模的襲擊，情況慘烈。<hex:02100103>考驗新任武王烏克．拉瑪特閣下的時候到了……","0","0"
"600210","0","1","2","0","0","763","0","0","1","1","1","0","0","0","0","0","0","False","False","False","聽說烏克．拉瑪特閣下成為了新任武王。<hex:02100103>她和你一同面對擁有生命的天災拯救了我們的事蹟，<hex:02100103>我們將永生難忘。","0","0"
"600213","0","1","2","0","0","767","0","0","1","1","1","0","0","0","0","0","0","False","False","False","那天擁有生命的天災帶來的傷終於痊癒了。<hex:02100103>如果沒有將其討伐，或許我們現在還活在水深火熱之中，<hex:02100103>一想到這，對烏克．拉瑪特大人就更是感激不盡。","0","0"
"600212","0","1","2","0","0","764","0","0","1","1","1","0","0","0","0","0","0","False","False","False","烏克．拉瑪特閣下從侵略者的手中守護住圖萊尤拉，<hex:02100103>不愧是新任的武王。","0","0"
"600215","0","1","1","0","0","0","0","0","1","1","1","0","0","0","0","0","0","False","False","False","豔翼蛇鳥的攻擊造成的灼燒肌膚般的疼痛終於消失了……<hex:02100103>那種感覺我不想再體會第二次。","0","0"
"600214","0","1","1","0","0","0","0","0","1","1","1","0","0","0","0","0","0","False","False","False","你對我們的傳統雕刻有興趣？<hex:02100103>不過請不要靠太近，雕刻時可能會誤傷到你。","0","0"
"600233","0","1","2","0","0","764","0","0","1","1","1","0","0","0","0","0","0","False","False","False","面對來歷不明的敵人，兩位新聯王表現得很不錯。<hex:02100103>相信古魯加加這下也可以放心了吧。","0","0"
"600232","0","1","2","0","0","763","0","0","1","1","1","0","0","0","0","0","0","False","False","False","襲擊過後，我去看了圖萊尤拉的情況，<hex:02100103>然後幫忙清除了一些破碎的瓦礫等殘骸。<hex:02100103>我的體型在這種時候剛好能派上用場。","0","0"
"600235","0","1","2","0","0","4236","0","0","1","1","1","0","0","0","0","0","0","False","False","False","我從沒想過會出現能打倒豔翼蛇鳥的人……<hex:02100103>即使比其他種族活得長久，未來的事也難以預料啊。","0","0"
"600234","0","1","2","0","0","764","0","0","1","1","1","0","0","0","0","0","0","False","False","False","武王烏克．拉瑪特已經回來了啊。<hex:02100103>真不愧是古魯加加的孩子。","0","0"
"600237","0","1","2","0","0","764","0","0","1","1","1","0","0","0","0","0","0","False","False","False","繼位典禮才剛結束沒多久，<hex:02100103>圖萊尤拉就遭到了襲擊，連古魯加加大人都……<hex:02100103>不過只要我們還記得古魯加加大人，他就能一直活在我們心中。","0","0"
"600236","0","1","2","0","0","763","0","0","1","1","1","0","0","0","0","0","0","False","False","False","我對兩位新聯王沒有任何異議。<hex:02100103>畢竟他們二位參與了討伐豔翼蛇鳥，<hex:02100103>拯救了奧闊帕恰山。","0","0"
"600239","0","1","2","0","0","764","0","0","1","1","1","0","0","0","0","0","0","False","False","False","襲擊造成的傷害雖然很深，<hex:02100103>但我相信兩位順利通過了繼位儀式的新聯王一定可以<hex:02100103>帶領圖萊尤拉渡過難關。","0","0"
"600238","0","1","2","0","0","764","0","0","1","1","1","0","0","0","0","0","0","False","False","False","在我們尤卡巨人族毫不知情的情況下，<hex:02100103>圖萊尤拉已經發展成了如此強大的國家。","0","0"
"600225","0","1","2","0","0","763","0","0","1","1","1","0","0","0","0","0","0","False","False","False","你來了，異國的勇士。<hex:02100103>是擔心之前在豔翼蛇鳥事件中受傷的人嗎？<hex:02100103>放心吧，大家身體上的傷基本都痊癒了。","0","0"
"600224","0","1","2","0","0","764","0","0","1","1","1","0","0","0","0","0","0","False","False","False","乘坐飛船出現的敵人似乎已經撤退了。<hex:02100103>在損害進一步擴大之前讓事態平穩了下來，<hex:02100103>新任的聯王有兩把刷子啊。","0","0"
"600227","0","1","0","0","0","0","0","0","1","1","1","0","0","0","0","0","0","False","False","False","好疼……","0","0"
"600226","0","1","0","0","0","0","0","0","1","1","1","0","0","0","0","0","0","False","False","False","唔……！","0","0"
"600229","0","1","2","0","0","764","0","0","1","1","1","0","0","0","0","0","0","False","False","False","如今我作為選王之人的使命已經結束，<hex:02100103>不過身為圖萊尤拉的國民，我會繼續關注之後繼位儀式。","0","0"
"600228","0","1","0","0","0","0","0","0","1","1","1","0","0","0","0","0","0","False","False","False","嗚嗚……","0","0"
"600231","0","1","2","0","0","4236","0","0","1","1","1","0","0","0","0","0","0","False","False","False","古魯加加的事情我已經聽說了。<hex:02100103>曾與豔翼蛇鳥交手都能倖存下來的人，<hex:02100103>最終卻敗給了自己的親生兒子，命運還真是諷刺啊……","0","0"
"600230","0","1","2","0","0","764","0","0","1","1","1","0","0","0","0","0","0","False","False","False","許久未造訪圖萊尤拉……雖然感覺也不錯，<hex:02100103>但果然還是奧闊帕恰山上的空氣最舒服……","0","0"
"600249","0","1","2","0","0","764","0","0","1","1","1","0","0","0","0","0","0","False","False","False","埃斯蒂尼安當然非常厲害，<hex:02100103>不過澤寇瓦他們的槍法也是十分了得。","0","0"
"600248","0","1","2","0","0","4219","0","0","1","1","1","0","0","0","0","0","0","False","False","False","呼……作戰計劃能順利成功真是太好了。<hex:02100103>我已經從尼托維凱大姐那裡聽說了大家的活躍表現。","0","0"
"600251","0","1","2","0","0","1071","0","0","1","1","1","0","0","0","0","0","0","False","False","False","你都不知道我剛剛有多帥，<hex:02100103>那些機械怪物被我呯呯幾槍就幹掉了！<hex:02100103>沒看到是你的損失！","今後我也會作為領頭人，<hex:02100103>帶領新生的「荒野黎明」懲戒惡徒！","0"
"600250","0","1","2","0","0","5695","0","0","1","1","1","0","0","0","0","0","0","False","False","False","真是的，謝恩扎太心急了。<hex:02100103>不過也不是不能理解，畢竟我也迫切地想要修復列車。","0","0"
"600253","0","1","2","0","0","5695","0","0","1","1","1","0","0","0","0","0","0","False","False","False","哈哈，澤寇瓦和奎卡納都幹勁十足啊。<hex:02100103>整得我都有些蠢蠢欲動了。","不過今後可不能再肆意妄為了。<hex:02100103>還是得先和自警團打好招呼再開始行動。","0"
"600252","0","1","2","0","0","763","0","0","1","1","1","0","0","0","0","0","0","False","False","False","和埃斯蒂尼安比起來，<hex:02100103>我們的那點表現根本不值一提。<hex:02100103>不過我們也鼓起勇氣努力過了！","果然懲惡揚善才是最適合荒野黎明的道路！<hex:02100103>接下來該認真特訓了！","0"
"600255","0","1","2","0","0","766","0","0","1","1","1","0","0","0","0","0","0","False","False","False","你真是幫了我不少忙啊。<hex:02100103>不論是之前遭到機器兵攻擊的時候，<hex:02100103>還是禿鷹的事。","哎呀，一想起那時候的事我就十分慚愧。<hex:02100103>身為自警團的團長，我還是需要變得再可靠一些才行。","0"
"600254","0","1","2","0","0","4219","0","0","1","1","1","0","0","0","0","0","0","False","False","False","天上那些飛船終於消失了，<hex:02100103>危機也算是解除了！","部下們總是說我過得太悠閒，<hex:02100103>但該出手時我也會出手的！","0"
"600241","0","1","2","0","0","4219","0","0","1","1","1","0","0","0","0","0","0","False","False","False","哦，不用擔心我們！<hex:02100103>多虧了埃斯蒂尼安大哥他們幫忙，<hex:02100103>我們這邊沒有一個人犧牲！","0","0"
"600240","0","1","2","0","0","1071","0","0","1","1","1","0","0","0","0","0","0","False","False","False","老實說，我原本非常擔心……<hex:02100103>不過看起來第一關突破得很順利！","還有……尼托維凱的事也要謝謝你！","0"
"600243","0","1","2","0","0","4218","0","0","1","1","1","0","0","0","0","0","0","False","False","False","我要是也有武器的話就可以參加戰鬥了！<hex:02100103>對了，下次就讓烏克．拉瑪特大人教我斧術好了。","0","0"
"600242","0","1","2","0","0","5695","0","0","1","1","1","0","0","0","0","0","0","False","False","False","看來已經全部結束了啊。<hex:02100103>圖萊尤拉能恢復和平，<hex:02100103>毫無疑問是你們的功勞！","列車沒了可以再造。<hex:02100103>接下來我準備尋求柯納大人和荒野上其他人的意見，<hex:02100103>爭取造出更加優秀的列車！","0"
"600245","0","1","2","0","0","740","0","0","1","1","1","0","0","0","0","0","0","False","False","False","不愧是我們的金曦晨輝號！<hex:02100103>想必它今後也會作為傳說被一直傳承下去！","0","0"
"600244","0","1","2","0","0","740","0","0","1","1","1","0","0","0","0","0","0","False","False","False","很好，看到你這麼有精神我就放心了！<hex:02100103>無論身陷怎樣的窘境，只要活著就總會有辦法的……<hex:02100103>至少我是這樣堅信著的！","0","0"
"600247","0","1","2","0","0","950","0","0","1","1","1","0","0","0","0","0","0","False","False","False","我已經等不及想去造新列車了！<hex:02100103>一開始構想，我的內心就激動得不行！","我腦子裡的點子可太多了！<hex:02100103>你覺得飛空列車怎麼樣？！或者水下列車？","0"
"600246","0","1","2","0","0","950","0","0","1","1","1","0","0","0","0","0","0","False","False","False","哎呀，剛剛的戰鬥真精彩啊！<hex:02100103>艦隊突然就擺出了攻擊態勢，天上地下都是敵人！","然後埃斯蒂尼安飛身一躍，<hex:02100103>咣地一下就把敵人一掃而空了！！<hex:02100103>他真的是人類嗎？","0"
"600265","0","1","2","0","0","4219","0","0","1","1","1","0","0","0","0","0","0","False","False","False","我要為剛才的笑而道歉。<hex:02100103>畢竟和斯菲恩大人平時帶給人的印象相差太遠了！","0","0"
"600264","0","1","2","0","0","4218","0","0","1","1","1","0","0","0","0","0","0","False","False","False","艾萊奈希帕已經把喀赫奇瓦的事都告訴我了。<hex:02100103>或者應該說……是被我問出來的。","連死亡都無法打消喀赫奇瓦的探索欲。<hex:02100103>直到最後一刻她都在追逐著自己的夢想，她這個人呀……<hex:02100103>不過如今艾萊奈希帕繼承了她的衣缽，她也可以安息了。","0"
"600267","0","1","2","0","0","764","0","0","1","1","1","0","0","0","0","0","0","False","False","False","我一直都相信烏克．拉瑪特能成為新任國王！","0","0"
"600266","0","1","2","0","0","764","0","0","1","1","1","0","0","0","0","0","0","False","False","False","能和生物接觸的工作真好啊。<hex:02100103>而且我也很喜歡待在戶外，這個工作應再適合我不過了。","0","0"
"600269","0","1","2","0","0","763","0","0","1","1","1","0","0","0","0","0","0","False","False","False","無論發生什麼，圖萊尤拉都不會被擊垮！<hex:02100103>因為我們就像蘆葦一樣堅韌！","0","0"
"600268","0","1","2","0","0","763","0","0","1","1","1","0","0","0","0","0","0","False","False","False","雖然不知道是誰幹的，但是居然敢襲擊圖萊尤拉！<hex:02100103>我絕不會、絕不會放過他們！","0","0"
"600271","0","1","1","0","0","0","0","0","3","1","1","0","0","0","0","0","0","False","False","False","烏克．拉瑪特閣下和柯納閣下都很像古魯加加。<hex:02100103>真是越來越期待繼位儀式的後續發展了。","0","0"
"600270","0","1","2","0","0","763","0","0","1","1","1","0","0","0","0","0","0","False","False","False","戰爭已經結束了嗎……<hex:02100103>但是也不能立刻就舉辦展翅節。<hex:02100103>得先花些時間治癒襲擊帶來的傷害才行……","0","0"
"600257","0","1","2","0","0","9071","0","0","1","1","1","0","0","0","0","0","0","False","False","False","你們就好好給那群混蛋一個教訓吧！<hex:02100103>就算不能下殺手，<hex:02100103>狠狠地揍一頓應該還是沒問題的！","0","0"
"600256","0","1","2","0","0","764","0","0","1","1","1","0","0","0","0","0","0","False","False","False","啊，你的同伴正等著你呢。","0","0"
"600259","0","1","2","0","0","764","0","0","1","1","1","0","0","0","0","0","0","False","False","False","發生什麼事了？<hex:02100103>那個穹頂的方向是我們的故鄉……","0","0"
"600258","0","1","2","0","0","4218","0","0","1","1","1","0","0","0","0","0","0","False","False","False","希望列車能早點修好。","0","0"
"600261","0","1","2","0","0","4219","0","0","1","1","1","0","0","0","0","0","0","False","False","False","有了這些高純度水晶就沒問題了！<hex:02100103>真不愧是你，多謝了！","0","0"
"600260","0","1","2","0","0","4218","0","0","1","1","1","0","0","0","0","0","0","False","False","False","那是……","0","0"
"600263","0","1","2","0","0","5695","0","0","1","1","1","0","0","0","0","0","0","False","False","False","這裡的人都平安無事！<hex:02100103>這都是那個槍術師和澤寇瓦他們的功勞！","你也要注意，千萬不要亂來啊。<hex:02100103>另外喀赫奇瓦和艾萊奈希帕的事……就拜託你了！","0"
"600262","0","1","2","0","0","763","0","0","1","1","1","0","0","0","0","0","0","False","False","False","太好了……你還活著啊！","雖然尼托維凱已經彙報過作戰成功的事，<hex:02100103>不過在見到你之前，我還是擔心得不得了。","0"
"600281","0","2","2","0","0","4219","0","0","1","1","1","0","0","0","0","0","0","False","False","False","想去圖萊尤拉的話，就坐我的船過去吧！<hex:02100103>貨物裝卸完畢之後，立刻就可以出航！","0","0"
"600280","0","1","2","0","0","5695","0","0","1","1","1","0","0","0","0","0","0","False","False","False","雖然戰爭已經結束，但並不意味著一切都已塵埃落定。<hex:02100103>聯王準備如何應對那個部分與薩卡圖拉爾融合的機械王國呢？","0","0"
"600283","0","1","2","0","0","764","0","0","1","1","1","0","0","0","0","0","0","False","False","False","多虧了烏克．拉瑪特公主，<hex:02100103>我拿到了高品質的羽木原木。<hex:02100103>你們那邊怎麼樣？","0","0"
"600282","0","1","2","0","0","933","0","0","1","1","1","0","0","0","0","0","0","False","False","False","剩下的事不難，用不了多長時間就能完。<hex:02100103>你不要著急，在神轎前面等等吧。","0","0"
"600285","0","2","2","0","0","764","0","0","1","1","1","0","0","0","0","0","0","False","False","False","前往舊薩雷安的船隻即將出航。<hex:02100103>請乘客抓緊時間上船。","0","0"
"600284","0","0","0","0","0","0","0","0","0","0","0","0","0","0","0","0","0","False","False","False","","",""
"600287","0","0","0","0","0","0","0","0","0","0","0","0","0","0","0","0","0","False","False","False","","",""
"600286","0","0","0","0","0","0","0","0","0","0","0","0","0","0","0","0","0","False","False","False","","",""
"600273","0","1","1","0","0","0","0","0","3","1","1","0","0","0","0","0","0","False","False","False","古魯加加這些年已經做得很好……<hex:02100103>願我那老友能夠在地下安眠……","0","0"
"600272","0","1","1","0","0","0","0","0","3","1","1","0","0","0","0","0","0","False","False","False","真是沒想到，最終不是雙頭輝鱗族，<hex:02100103>而是兩個人一起成為了新任聯王。<hex:02100103>說不定烏克．拉瑪特閣下會成為比古魯加加更出色的國王？","0","0"
"600275","0","1","2","0","0","766","0","0","1","1","1","0","0","0","0","0","0","False","False","False","以前我並不怎麼關心繼位儀式，<hex:02100103>不過現在我很期待會有怎樣的結果。","0","0"
"600274","0","1","1","0","0","0","0","0","3","1","1","0","0","0","0","0","0","False","False","False","雖然不清楚襲擊者的身份，但是圖萊尤拉不會被擊垮的。<hex:02100103>畢竟這是古魯加加建立的國家。","0","0"
"600277","0","1","2","0","0","1071","0","0","1","1","1","0","0","0","0","0","0","False","False","False","那群突然襲擊過來的傢伙到底是什麼來路？真是野蠻！<hex:02100103>我烏克．耶伏可不會坐以待斃！","0","0"
"600276","0","1","2","0","0","5695","0","0","1","1","1","0","0","0","0","0","0","False","False","False","柯納大人在這次旅行之後也改變了不少啊。<hex:02100103>相信現在的他不會再輕視各種族特有的文化了。","0","0"
"600279","0","1","2","0","0","766","0","0","1","1","1","0","0","0","0","0","0","False","False","False","聽說圖萊尤拉已經成功擊退了敵人。<hex:02100103>好像還有人看到了巨大的龍……<hex:02100103>難道又出現了豔翼蛇鳥那樣的圖拉爾威爪？","0","0"
"600278","0","1","2","0","0","4219","0","0","1","1","1","0","0","0","0","0","0","False","False","False","我還是第一次親眼看到薩卡圖拉爾的列車，<hex:02100103>真是不敢相信那樣的大鐵塊居然能自己動起來。","0","0"
"600297","0","1","0","0","0","0","0","0","3","1","1","0","0","0","0","0","0","False","False","False","我們兄弟一定會保護好這片森林，不辜負聯王的信任！<hex:02100103>這就是我們找到的……新的生存之道！","0","0"
"600296","0","0","0","0","0","0","0","0","0","0","0","0","0","0","0","0","0","False","False","False","","",""
"600299","0","1","2","0","0","763","0","0","1","1","1","0","0","0","0","0","0","False","False","False","好了……如今事情也告一段落了，<hex:02100103>我準備重新瀏覽一遍保全院的資料。","雖然喀赫奇瓦不在了，但這裡也隨時歡迎你過來。<hex:02100103>我很喜歡與你交流。","0"
"600298","0","1","2","0","0","4219","0","0","1","1","1","0","0","0","0","0","0","False","False","False","準備中の星芒マーケットへご案内しますか？","0","0"
"600301","0","1","2","0","0","4218","4219","0","1","1","1","0","0","0","0","0","0","False","False","False","之前我交給你的那個能量飲料你還記得嗎？<hex:02100103>它包裝上那個河狸一樣的生物，<hex:02100103>我還沒實際見過呢……","聽說那種生物很凶猛。<hex:02100103>如果阿爾卡迪亞的那幫傢伙呼叫河狸的靈魂去戰鬥的話，<hex:02100103>我還真想看看他們會變成什麼樣子。","0"
"600300","0","1","2","0","0","757","0","0","1","1","1","0","0","0","0","0","0","False","False","False","可惡……到底怎麼回事……","0","0"
"600303","0","1","2","0","0","4219","0","0","1","1","1","0","0","0","0","0","0","False","False","False","這種時候就應該專心做事！","0","0"
"600302","0","1","2","0","0","4218","0","0","1","1","1","0","0","0","0","0","0","False","False","False","我製作的武器為忘斷軍增加了戰力，本來是件好事……<hex:02100103>可看城裡變成那個樣子，真是高興不起來啊。","0","0"
"600289","0","2","2","0","0","764","0","0","1","1","1","0","0","0","0","0","0","False","False","False","船會行駛到科薩瑪爾卡溼地的生息碼頭！<hex:02100103>航行期間船身會發生搖晃，一定要扶穩了！","0","0"
"600288","0","0","0","0","0","0","0","0","0","0","0","0","0","0","0","0","0","False","False","False","","",""
"600291","0","0","0","0","0","0","0","0","0","0","0","0","0","0","0","0","0","False","False","False","","",""
"600290","0","0","0","0","0","0","0","0","0","0","0","0","0","0","0","0","0","False","False","False","","",""
"600293","0","2","2","0","0","764","0","0","1","1","1","0","0","0","0","0","0","False","False","False","想回到圖萊尤拉嗎？<hex:02100103>那就由我來負責當船頭吧！","0","0"
"600292","0","0","0","0","0","0","0","0","0","0","0","0","0","0","0","0","0","False","False","False","","",""
"600295","0","0","0","0","0","0","0","0","0","0","0","0","0","0","0","0","0","False","False","False","","",""
"600294","0","0","0","0","0","0","0","0","0","0","0","0","0","0","0","0","0","False","False","False","","",""
"600313","0","1","2","0","0","4219","0","0","1","1","1","0","0","0","0","0","0","False","False","False","列車的改造工作能進展順利真是太好了！<hex:02100103>我這個旅行商人也出了一份力，比如採購材料之類的！","0","0"
"600312","0","1","2","0","0","4219","0","0","1","1","1","0","0","0","0","0","0","False","False","False","雖然現在已經無暇顧及紀念活動了，<hex:02100103>但我們也必須做些力所能及的事才行！","0","0"
"600315","0","1","2","0","0","4219","0","0","1","1","1","0","0","0","0","0","0","False","False","False","雖說戰爭已經結束了，但要解決的問題還有不少呢！<hex:02100103>一定還有我這個旅行商人能出力的地方！<hex:02100103>舉辦紀念活動的事就再等等吧。","0","0"
"600314","0","1","2","0","0","4219","0","0","1","1","1","0","0","0","0","0","0","False","False","False","圖萊尤拉絕對不會輸的！<hex:02100103>畢竟有兩位值得信賴的國王，<hex:02100103>還有你們這樣強大的同伴！","0","0"
"600317","0","1","2","0","0","4219","0","0","1","1","1","0","0","0","0","0","0","False","False","False","曾經將戰爭視作商機的一部分同胞，<hex:02100103>在經歷了王都遭受襲擊的事情之後，也開始改變了想法。","0","0"
"600316","0","1","2","0","0","4218","0","0","1","1","1","0","0","0","0","0","0","False","False","False","居然指名讓柯納大人成為新任理王，<hex:02100103>烏克．拉瑪特大人果然是個有趣的人呢。","0","0"
"600319","0","1","2","0","0","4218","0","0","1","1","1","0","0","0","0","0","0","False","False","False","佐拉加王子……唉……<hex:02100103>我會好好照顧他留下的金色羊駝的。","0","0"
"600318","0","1","2","0","0","764","0","0","1","1","1","0","0","0","0","0","0","False","False","False","在將支援物資運送到王都的過程中，<hex:02100103>我看到體型巨大的龍在圖萊尤拉上空盤旋！<hex:02100103>那雄偉強悍的姿態……簡直可以和羊駝相提並論了！","0","0"
"600305","0","1","0","0","0","0","0","0","1","1","1","0","0","0","0","0","0","False","False","False","我把我們的氣墊貨船借給你的同伴了。<hex:02100103>雖然我無法親眼確認發生了什麼，<hex:02100103>但是卻聽到了一些不好的聲音……","0","0"
"600304","0","1","2","0","0","4218","757","0","1","1","1","0","0","0","0","0","0","False","False","False","我說……你聽說過羅蒂娜商會嗎？<hex:02100103>我實在是不擅長跟那幫人打交道……","所以我都儘量避免去聯合商城那邊。<hex:02100103>因為住宅區也在那邊，<hex:02100103>所以我都是在這後房過夜。","0"
"600307","0","1","2","0","0","763","0","0","1","1","1","0","0","0","0","0","0","False","False","False","請允許我代表忘斷軍向你們表示感謝。<hex:02100103>如果沒有你們的話，恐怕我們就無法阻止佐拉加，<hex:02100103>到時無論障壁內外，損失都會更加慘重。","我也從可露兒小姐他們那裡瞭解了喀赫奇瓦的事。<hex:02100103>想必她之前也一直很苦惱，不忍將自己是永久人的事告訴孩子。<hex:02100103>好在最後她還是清楚地表達出自己內心的想法……","0"
"600306","0","1","0","0","0","0","5533","0","1","1","1","0","0","0","0","0","0","False","False","False","斯菲恩大人去了很遠的地方吧……<hex:02100103>其實我從一開始就注意到了，<hex:02100103>她的「聲音」和我們這些生活在大地上的人不同。","不過這種事無關緊要。<hex:02100103>和我們一起歡笑、一起煩惱、一起悲傷的斯菲恩大人，<hex:02100103>毫無疑問曾經真實存在過。","0"
"600309","0","1","2","0","0","4219","5734","0","1","1","1","0","0","0","0","0","0","False","False","False","那個，我從謝爾那裡收到了報告……<hex:02100103>創生設施的實驗對象當中似乎有我父親的名字。","你們替我報了父親的仇，<hex:02100103>讓父親從痛苦當中解脫了……<hex:02100103>謝謝，真的非常感謝！","0"
"600308","0","1","2","0","0","4219","5734","0","1","1","1","0","0","0","0","0","0","False","False","False","非常感謝你救了我！<hex:02100103>我是在偵察先鋒營的時候被抓的，<hex:02100103>原本以為這次沒救了呢……","前不久發生的通訊干擾恐怕是斯菲恩大人導致的，<hex:02100103>雖然這只是我們推測出的結果……<hex:02100103>畢竟能做到這一點的也就只有她了……","0"
"600311","0","1","2","0","0","764","0","0","1","1","1","0","0","0","0","0","0","False","False","False","我正在為舉辦新任聯王即位紀念活動做準備呢，<hex:02100103>要做的事太多了！","0","0"
"600310","0","1","2","0","0","4219","4218","0","1","1","1","0","0","0","0","0","0","False","False","False","謝謝你們救了瓦亞凱！<hex:02100103>是我不好，不該讓她一個人去偵察的……","啊，對了……我收到了謝爾的聯繫，<hex:02100103>她說在創生設施中發現了與父親相關的資料。<hex:02100103>我已經委託她進行更加詳細的調查，希望能查到什麼……","0"
"600321","0","1","2","0","0","4218","0","0","1","1","1","0","0","0","0","0","0","False","False","False","沒想到烏克．拉瑪特大人和柯納大人成為了新任聯王。<hex:02100103>哎呀，對此我當然感到很開心啦！","0","0"
"600320","0","1","2","0","0","4219","0","0","1","1","1","0","0","0","0","0","0","False","False","False","公主殿下及其協助者的交涉技術我見識到了。<hex:02100103>我會支持你們的，不過還是要排在柯納大人後面。","0","0"
"600323","0","1","2","0","0","764","0","0","1","1","1","0","0","0","0","0","0","False","False","False","之前出現在圖萊尤拉的艦隊似乎已經撤退了啊。<hex:02100103>前幾天去送馬黛茶的時候大家還都看起來一臉不安的樣子……<hex:02100103>我會為大家獻上祈禱，願大家的內心能慢慢平靜下來。","0","0"
"600322","0","1","2","0","0","4218","0","0","1","1","1","0","0","0","0","0","0","False","False","False","我聽說了圖萊尤拉遭到襲擊的事……<hex:02100103>或許我該送些具有緩解身心疲勞功效的馬黛茶過去，<hex:02100103>多少也能幫上忙吧……","0","0"
"599833","0","1","2","0","0","764","0","0","1","1","1","0","0","0","0","0","0","False","False","False","哎呀，你是來看水田的嗎？<hex:02100103>請看吧，請看吧，但是注意別溼了腳。","0","0"
"599832","0","1","2","0","0","1071","0","0","1","1","1","0","0","0","0","0","0","False","False","False","哈哈哈，你來啦！<hex:02100103>如果你想進行鍛鍊的話，可以使用兵器試驗塔……<hex:02100103>你就用我的人偶盡情練習，提高自己的技術吧！","0","0"
"599835","0","1","2","0","0","766","0","0","1","1","1","0","0","0","0","0","0","False","False","False","哼哧……哼哧……<hex:02100103>要想不被水沖走 也不會溺水 好好釣魚的話<hex:02100103>果然還是學會 啪嗒啪嗒 在水上行走？！","0","0"
"599834","0","1","2","0","0","764","0","0","1","1","1","0","0","0","0","0","0","False","False","False","你是來為我們祭祀的神明奇夏伊希獻上祈禱的嗎？<hex:02100103>請隨意，請隨意。","0","0"
"599837","0","1","1","0","0","0","0","0","1","1","1","0","0","0","0","0","0","False","False","False","我不和外來者說話！","0","0"
"599836","0","1","2","0","0","1041","0","0","1","1","1","0","0","0","0","0","0","False","False","False","大階臺崩塌，可苦了我們這些旅行商人了。<hex:02100103>雖然我這次幸運地坐上了回程圖萊尤拉的船，<hex:02100103>但在大階臺修好前，要想來往兩地可就麻煩了。","0","0"
"599839","0","1","2","0","0","0","0","0","1","1","1","0","0","0","0","0","0","False","False","False","不要跟我說話。","0","0"
"599838","0","1","1","0","0","0","0","0","0","1","1","0","0","0","0","0","0","False","False","False","………………。","0","0"
"599825","0","1","2","0","0","764","0","0","1","1","1","0","0","0","0","0","0","False","False","False","差不多也該補充庫存了……<hex:02100103>柴火是村裡的共享物品，如果你需要的話儘管拿去好了。","0","0"
"599824","0","1","2","0","0","9004","0","0","1","1","1","0","0","0","0","0","0","False","False","False","啊，飯還沒做好呢。<hex:02100103>……欸，你不是來拿飯的嗎？<hex:02100103>抱歉，還以為你是來催我的呢。","0","0"
"599827","0","1","2","0","0","5696","0","0","1","1","1","0","0","0","0","0","0","False","False","False","我們接受著大森林的恩惠生活。<hex:02100103>所以我們一直懷揣著感恩之心，<hex:02100103>和生活在這片土地上的野獸們一起和平共存。","0","0"
"599826","0","1","1","0","0","765","0","0","1","1","1","0","0","0","0","0","0","False","False","False","這裡是記星園庭……就是一個類似集會場所的地方。<hex:02100103>我們紅豹村的人經常會聚集在這裡，<hex:02100103>聆聽記星人講述星星的故事。","因為繼位儀式的需要，我們給這裡新增了烹飪用的設備。<hex:02100103>不過都添上了，想來今後會有更多機會能用到它們。<hex:02100103>聚在一起享受美食聽故事，想想就覺得開心。","0"
"599829","0","1","2","0","0","950","0","0","1","1","1","605","0","0","0","0","0","False","False","False","自從有了氣球之後，來了不少圖萊尤拉那邊的訪客，<hex:02100103>對此我當然是非常歡迎！<hex:02100103>看到大家對傳統織物和美食這麼感興趣，我也很開心。","0","0"
"599828","0","1","2","0","0","4218","0","0","1","1","1","0","0","0","0","0","0","False","False","False","將我族代代相傳的編織方法傳承下去也是很重要的職責。<hex:02100103>我很開心與年輕人講這些東西。","0","0"
"599831","0","1","2","0","0","764","0","0","1","1","1","0","0","0","0","0","0","False","False","False","雖然如今的生活很和平，<hex:02100103>但其實一直到80年前，這裡都是紛爭不斷。","0","0"
"599830","0","1","1","0","0","755","0","0","1","1","1","0","0","0","0","0","0","False","False","False","靈豹之民這個名稱，源自生活在此的森林之王獰豹。","0","0"
"599849","0","1","1","0","0","0","0","0","0","1","1","0","0","0","0","0","0","False","False","False","………………。","0","0"
"599848","0","1","2","0","0","764","0","0","1","1","1","0","0","0","0","0","0","False","False","False","紅豹村出品的武器在圖萊尤拉也得到了廣泛使用。<hex:02100103>說不定你也看到過呢。","0","0"
"599851","0","1","2","0","0","763","0","0","1","1","1","0","0","0","0","0","0","False","False","False","哼哧……哼哧……<hex:02100103>維持壺匠 創作慾望的秘訣<hex:02100103>是讓他們 適當地休息！","吃飯 睡覺 休閒享樂的時間<hex:02100103>要好好地 充分地 規劃享受！","0"
"599850","0","1","1","0","0","0","0","0","1","1","1","0","0","0","0","0","0","False","False","False","……我不能和你說話。","0","0"
"599853","0","1","2","0","0","933","0","0","1","1","1","0","0","0","0","0","0","False","False","False","最近與外國人進行交易的次數明顯增多了。<hex:02100103>在國內的生意一定是比不過佩魯佩魯族了，<hex:02100103>所以絕對不能放過這個新的商機！","0","0"
"599852","0","1","1","0","0","0","0","0","1","1","1","0","0","0","0","0","0","False","False","False","啊，之前跟斯菲恩大人一起在農地散步的人就是你吧。<hex:02100103>既然你來自障壁的外面，<hex:02100103>那你應該知道九宮幻卡這個遊戲吧？","之前住在圖拉爾的時候我經常玩。<hex:02100103>感覺好懷念，光是想想就很心動……","0"
"599855","0","1","2","0","0","763","0","0","1","1","1","605","0","0","0","0","0","False","False","False","沒有什麼比遊戲更能調節情緒了。<hex:02100103>透過遊戲保持一個開朗的心態，<hex:02100103>也有助於生意的順利推進！","0","0"
"599854","0","1","2","0","0","764","0","0","1","1","1","0","0","0","0","0","0","False","False","False","越是這種時候越要保持一顆平常心。<hex:02100103>著急也解決不了任何問題……<hex:02100103>必須時刻做好準備，以免錯過良機。","0","0"
"599841","0","1","1","0","0","0","0","0","1","1","1","0","0","0","0","0","0","False","False","False","看什麼看。","0","0"
"599840","0","1","1","0","0","0","0","0","0","1","1","0","0","0","0","0","0","False","False","False","………………。","0","0"
"599843","0","1","1","0","0","0","0","0","1","1","1","0","0","0","0","0","0","False","False","False","哼。","0","0"
"599842","0","1","0","0","0","0","0","0","0","1","1","0","0","0","0","0","0","False","False","False","………………。","0","0"
"599845","0","1","1","0","0","0","0","0","1","1","1","0","0","0","0","0","0","False","False","False","我沒什麼可說的。","0","0"
"599844","0","1","1","0","0","0","0","0","0","1","1","0","0","0","0","0","0","False","False","False","………………。","0","0"
"599847","0","1","2","0","0","764","0","0","1","1","1","0","0","0","0","0","0","False","False","False","獸牙雖然鋒利，卻也十分脆弱。<hex:02100103>使用得當的話可以變成切肉的利刃，<hex:02100103>但如果疏於呵護，又很容易碎掉。","0","0"
"599846","0","1","2","0","0","764","0","0","1","1","1","0","0","0","0","0","0","False","False","False","很抱歉，但我什麼都不會說的。","0","0"
"599865","0","1","2","0","0","5695","0","0","1","1","1","0","0","0","0","0","0","False","False","False","運往圖萊尤拉的支援物資也少了很多。<hex:02100103>從這一點上也可以切實感受到，那邊的和平日子又回來了。","0","0"
"599864","0","1","2","0","0","9003","0","0","1","1","1","0","0","0","0","0","0","False","False","False","最艱難的時期已經過去了，<hex:02100103>接下來就該用我們佩魯佩魯族最擅長的方式，也就是交易，<hex:02100103>讓大家打起精神來！","0","0"
"599867","0","1","1","0","0","0","0","0","1","1","1","0","0","0","0","0","0","False","False","False","客人的臉上逐漸恢復了笑容，我也就放心了。<hex:02100103>你也來嘗嘗我的仙人掌菜餚，稍微休息一下吧。","0","0"
"599866","0","1","1","0","0","0","0","0","1","1","1","0","0","0","0","0","0","False","False","False","從橋對面過來避難的人正在不斷增加。<hex:02100103>那我就用我的酒和菜餚來撫平客人們的不安吧。","0","0"
"599869","0","1","0","0","0","0","0","0","1","1","1","0","0","0","0","0","0","False","False","False","哎呀，這個的庫存也只剩下一個了……<hex:02100103>必須得想想辦法才行啊。","0","0"
"599868","0","1","1","0","0","9072","0","0","1","1","1","0","0","0","0","0","0","False","False","False","歡迎。<hex:02100103>如果是想委託代筆的話，請儘管吩咐。","0","0"
"599871","0","1","2","0","0","764","0","1041","1","1","1","0","0","0","0","0","0","False","False","False","啊，今天好像沒有籌備相關的工作。<hex:02100103>所以我也來店裡幫忙打掃還有接待客人之類的了。","不過老實說，我並不擅長接待客人。<hex:02100103>我明明說了自己更適合後勤工作，<hex:02100103>可到頭來還是被休涅要求出來接待客人了。","還說什麼這樣是為了發展新顧客之類的……<hex:02100103>在大都市做生意還真是複雜啊。"
"599870","0","1","2","0","0","933","0","5734","1","1","1","0","0","0","0","0","0","False","False","False"," <hex:022C0DFF07022903EB0203FF02200203> ，歡迎。<hex:02100103>託你的福，現在店裡的生意很不錯。","至於旅行一事……就要看烏夫洛什麼時候能存夠錢了。<hex:02100103>雖說一起旅行的話由我來負擔旅費也可以，<hex:02100103>不過我想那樣做了，他恐怕又會因為年紀的問題誠惶誠恐的。","而且50年來我一直在這裡，如今也沒必要著急出發。<hex:02100103>趁他賺旅費的這段時間，我也可以慢慢做些準備。<hex:02100103>無論是調整心態，還是將來怎麼處理店鋪……"
"599857","0","1","2","0","0","764","0","0","1","1","1","0","0","0","0","0","0","False","False","False","雖然和平時沒什麼兩樣，但我總覺得少了點什麼。<hex:02100103>日子一天天繼續，我卻始終無法弄清楚缺失感的來由。<hex:02100103>你能理解我的意思嗎？","0","0"
"599856","0","1","2","0","0","764","0","0","1","1","1","0","0","0","0","0","0","False","False","False","透過比賽多多少少能看出人的本性！<hex:02100103>這也是比賽特有的魅力，既有趣又刺激……你覺得呢？","0","0"
"599859","0","1","2","0","0","5696","0","0","1","1","1","0","0","0","0","0","0","False","False","False","去野外訓練的部隊已經回來了，我正在檢查物資的狀況。<hex:02100103>除了清點數量以外，還需要確認物資的耗損情況，<hex:02100103>畢竟這都是攸關性命的東西。","0","0"
"599858","0","1","2","0","0","763","0","0","1","1","1","0","0","0","0","0","0","False","False","False","九宮幻卡在胡薩塔伊驛鎮也十分流行。<hex:02100103>雖然大家都是最近才學會了這種遊戲的規則，<hex:02100103>不過在這裡，娛樂總是傳播得非常快。","0","0"
"599861","0","1","2","0","0","764","0","0","1","1","1","0","0","0","0","0","0","False","False","False","旅行商人會定期造訪這個村落，<hex:02100103>彼此交換一些珍稀物品。","0","0"
"599860","0","1","2","0","0","764","0","0","1","1","1","0","0","0","0","0","0","False","False","False","有什麼我能幫忙的嗎？<hex:02100103>我的工作就是負責招待來到這裡的客人。","畢竟心情愉悅的話，<hex:02100103>談起生意也會變得順暢很多。","0"
"599863","0","1","1","0","0","0","0","0","1","1","1","0","0","0","0","0","0","False","False","False","我正在忙，不要打擾我。","0","0"
"599862","0","1","2","0","0","5695","0","0","1","1","1","0","0","0","0","0","0","False","False","False","人們對這些壁畫的描繪的內容眾說紛紜。<hex:02100103>有人說上面畫的是迎曦之民的祖先遇到的東西，<hex:02100103>也有人說這畫的是另一個世界的地方。","但對我而言，它們只是亡妻喜歡的畫。<hex:02100103>僅此而已。","0"
"599881","0","1","2","0","0","763","0","0","1","1","1","0","0","0","0","0","0","False","False","False","歡迎光臨。<hex:02100103>要不要嘗嘗圖萊尤拉的果汁？","0","0"
"599880","0","1","0","0","0","699","0","0","1","1","1","0","0","0","0","0","0","False","False","False","可惡……<hex:02100103>我們的哈妮．B居然會輸……","0","0"
"599883","0","1","2","0","0","945","0","0","1","1","1","0","0","0","0","0","0","False","False","False","莫布是趁著 採集工作的間隙<hex:02100103>特地來看 客人的反應的。<hex:02100103>看到他們的笑容 莫布就會有精神 有幹勁！","0","0"
"599882","0","1","2","0","0","764","0","0","1","1","1","0","0","0","0","0","0","False","False","False","本店的名氣逐漸傳開了。<hex:02100103>這一切都是你的功勞。","我現在也在嘗試推出新口味的果汁，<hex:02100103>哈雷納魯坷也一反之前的樣子，開始給我提建議了。<hex:02100103>只是他推薦的材料氣味強烈，我也正為此煩惱呢……","不過能這樣交流，總歸是有助於開發新口味的。<hex:02100103>今後我也會為了客人繼續努力的。"
"599885","0","1","2","0","0","5696","0","0","1","1","1","0","0","0","0","0","0","False","False","False","對於沒有什麼戰鬥本領的我們來說，<hex:02100103>槍是最容易上手的。","所以我們才會回收壞掉的機器兵們的武器，<hex:02100103>在沿用內部結構的同時，將那些武器改造成適合自己的槍。<hex:02100103>要不然體積過大，不便上手。","0"
"599884","0","1","2","0","0","5734","0","0","1","1","1","0","0","0","0","0","0","False","False","False","諾斯塔爾吉亞是我的雙胞胎姐姐。<hex:02100103>其實以前我們姐妹倆也都戴著調魂器，<hex:02100103>只是後來發生了一些事……","0","0"
"599887","0","0","0","0","0","0","0","0","0","0","0","0","0","0","0","0","0","False","False","False","","",""
"599886","0","1","2","0","0","4219","0","0","1","1","1","0","0","0","0","0","0","False","False","False","小心別被雷擊中了。<hex:02100103>雖然有人相信發光的那一瞬間往後跳可以成功避開……<hex:02100103>可但凡用正常的思維想一下就知道，這樣有幾條命都不夠丟的……","0","0"
"599873","0","1","2","0","0","764","0","0","1","1","1","0","0","0","0","0","0","False","False","False","帖佩切為了收集情報，<hex:02100103>應該會前往拉札罕商店街這種人多的地方，<hex:02100103>還請你找找圖拉爾風格著裝的劍士，與她會合。","0","0"
"599872","0","1","2","0","0","764","0","0","1","1","1","0","0","0","0","0","0","False","False","False","不知道外出旅行的女兒現在怎麼樣了……","0","0"
"599875","0","1","2","0","0","5696","0","0","1","1","1","0","0","0","0","0","0","False","False","False","我的丈夫涅捷似乎在圖萊尤拉掌握了什麼情報。<hex:02100103>他說過要前往夏洛尼荒野的帕利尤南沃野，<hex:02100103>你就去那邊找他吧。","0","0"
"599874","0","1","2","0","0","764","0","0","1","1","1","0","0","0","0","0","0","False","False","False","不知道帖佩切現在過得怎麼樣……<hex:02100103>就麻煩你幫忙奪回祭器了。","0","0"
"599877","0","1","2","0","0","1071","0","0","1","1","1","0","0","0","0","0","0","False","False","False","喲，不戴調魂器的挑戰者！<hex:02100103>今後我也會繼續支持你的，加油吧！","0","0"
"599876","0","1","2","0","0","764","0","0","1","1","1","0","0","0","0","0","0","False","False","False","丈夫正在逐漸找回昔日的活力。<hex:02100103>接下來就是希望祭器還有……我最重要的女兒能平安回來，<hex:02100103>除此以外別無他求。","0","0"
"599879","0","1","2","0","0","4194","0","0","1","1","1","0","0","0","0","0","0","False","False","False","嘁，不知從哪裡冒出來的臭魚爛蝦，<hex:02100103>少在這裡得意忘形了！","0","0"
"599878","0","1","2","0","0","4229","0","0","1","1","1","0","0","0","0","0","0","False","False","False","唉，我對黑貓真是失望透頂了。","0","0"
"599897","0","1","1","0","0","755","0","0","1","1","1","0","0","0","0","0","0","False","False","False","這不是，這不是人類勇者嘛！<hex:02100103>多虧有你，雲海的和平就像換季的羽毛一樣又恢復如初了。","雖然預定的交流中止了，<hex:02100103>不過仍可以透過贈送慰問品之類的方式繼續加深彼此關係的。<hex:02100103>真希望可以見見遙遠西方的戰士們。","0"
"599896","0","1","2","0","0","763","0","4218","1","1","1","0","0","0","0","0","0","False","False","False","祭器一事雖然令神殿騎士團的名譽受損，<hex:02100103>不過事情能在民眾遭遇巨大損失之前得以解決也是萬幸。","身為皇都的守護者，我們會記住這次教訓，<hex:02100103>為了能讓人民安居樂業而繼續努力。","0"
"599899","0","1","2","0","0","4219","0","0","1","1","1","0","0","0","0","0","0","False","False","False","你們給我的酒還沒打開呢。<hex:02100103>我已經想好了，等下一任國王人選定下來之後再喝。","0","0"
"599898","0","1","2","0","0","4218","0","0","1","1","1","0","0","0","0","0","0","False","False","False","這種皮革材料是用來製作羊駝鞍具的。","0","0"
"599901","0","1","2","0","0","5734","0","0","1","1","1","0","0","0","0","0","0","False","False","False","斯菲恩大人真的很溫柔。<hex:02100103>她總是會親自聆聽大家想說的話……<hex:02100103>就像我們的家人一樣親切。","0","0"
"599900","0","1","2","0","0","9166","0","0","1","1","1","0","0","0","0","0","0","False","False","False","噢霍卡利！","……真是的，本來想說你不懂禮數，<hex:02100103>不過看樣子你是從國外來的吧。<hex:02100103>那不瞭解這裡的文化也很正常了。","0"
"599903","0","0","0","0","0","0","0","0","0","0","0","0","0","0","0","0","0","False","False","False","","",""
"599902","0","1","2","0","0","757","0","0","1","1","1","612","0","0","0","0","0","False","False","False","以後再也見不到斯菲恩大人了……<hex:02100103>這話該怎麼跟米洛斯說出口啊。","0","0"
"599889","0","1","2","0","0","764","0","0","1","1","1","0","0","0","0","0","0","False","False","False","下次展翅節，<hex:02100103>你一定也要體驗一下坐在神轎上的感覺！","0","0"
"599888","0","1","2","0","0","4219","0","0","1","1","1","0","0","0","0","0","0","False","False","False","能和生物接觸的工作真好。<hex:02100103>我也很喜歡外面，這樣的工作正適合我。","0","0"
"599891","0","1","2","0","0","4218","0","0","1","1","1","620","0","0","0","0","0","False","False","False","對不起……<hex:02100103>如果我能再早一點發現的話……","0","0"
"599890","0","1","1","0","0","0","0","0","3","1","1","0","0","0","0","0","0","False","False","False","那麼究竟誰能在繼位儀式中脫穎而出呢……<hex:02100103>我真的是非常期待啊。","0","0"
"599893","0","1","2","0","0","4218","0","0","1","1","1","0","0","0","0","0","0","False","False","False","特恩托瓦好像是去伊修加爾德了。<hex:02100103>可以去找酒館的人問問他的具體去向！","0","0"
"599892","0","1","2","0","0","4218","0","0","1","1","1","0","0","0","0","0","0","False","False","False","希望特恩托瓦沒有胡來……","0","0"
"599895","0","1","2","0","0","763","757","0","1","1","1","0","0","0","0","0","0","False","False","False","祭器引發的騷動平息後，<hex:02100103>神殿騎士的名譽也在逐漸恢復。","當然即使得不到信任，<hex:02100103>我們也不會有絲毫的迷失和懈怠，<hex:02100103>依舊會奮不顧身地保護人民。","身為守護者，就應該保護自己堅信的東西……<hex:02100103>是你和特恩托瓦閣下教會了我們這些。"
"599894","0","1","2","0","0","4218","757","0","1","1","1","0","0","0","0","0","0","False","False","False","你在伊修加爾德見到了特恩托瓦啊！<hex:02100103>太好了，感謝獨角鯨的指引……","雖然我也希望你能儘快取回祭器，<hex:02100103>但是千萬不要勉強啊。<hex:02100103>即使發現了犯人，也不要去正面挑戰！","0"
"599913","0","1","0","0","0","0","0","0","1","1","1","620","0","0","0","0","0","False","False","False","我……想……見……姐姐……","0","0"
"599912","0","1","0","0","0","0","0","0","1","1","1","620","0","0","0","0","0","False","False","False","嗚……啊……","0","0"
"599915","0","1","2","0","0","950","0","0","1","1","1","0","0","0","0","0","0","False","False","False","在確保安全之前，此處無法通行！","0","0"
"599914","0","1","2","0","0","4219","0","0","1","1","1","0","0","0","0","0","0","False","False","False","前方很危險，此處禁止通行。","0","0"
"599917","0","1","2","0","0","4218","0","0","1","1","1","0","0","0","0","0","0","False","False","False","佐拉加王子抓到的黃金羊駝也精力十足。<hex:02100103>換作是我，恐怕抓不到它。","0","0"
"599916","0","1","2","0","0","4219","0","0","1","1","1","0","0","0","0","0","0","False","False","False","既然沒有反對，也就表示認可了吧？<hex:02100103>可以舉辦「新聯王即位紀念特賣活動」了！","0","0"
"599919","0","1","2","0","0","764","0","0","1","1","1","0","0","0","0","0","0","False","False","False","之後我也該去古魯加加那邊露個臉了。<hex:02100103>哎呀哎呀，應該免不了要被那個勇武之頭拉著比試一下……","0","0"
"599918","0","1","2","0","0","764","0","0","1","1","1","0","0","0","0","0","0","False","False","False","真希望柯納大人能來參加下次的展翅節啊。","0","0"
"599905","0","0","0","0","0","0","0","0","0","0","0","0","0","0","0","0","0","False","False","False","","",""
"599904","0","0","0","0","0","0","0","0","0","0","0","0","0","0","0","0","0","False","False","False","","",""
"599907","0","1","2","0","0","4219","0","0","1","1","1","0","0","0","0","0","0","False","False","False","古魯加……沒事吧。<hex:02100103>如果你去找他的時候他回來了，我會立刻聯繫你的。","0","0"
"599906","0","1","2","0","0","764","0","0","1","1","1","0","0","0","0","0","0","False","False","False","調查和決戰的準備工作就交給我們吧。<hex:02100103>希望可以儘快找到古魯加……","0","0"
"599909","0","1","2","0","0","764","0","0","1","1","1","0","0","0","0","0","0","False","False","False","我們會竭盡全力為你們提供支援。<hex:02100103>不過還請多加小心……","0","0"
"599908","0","1","2","0","0","763","0","0","1","1","1","0","0","0","0","0","0","False","False","False","透過操作各層的移動路線的開關，<hex:02100103>成功封住了還在活動的機器兵們。","如果沒有你們在那邊戰鬥的話，想必也很難成功。<hex:02100103>真的非常感謝……","0"
"599911","0","1","0","0","0","0","0","0","0","1","1","0","0","0","0","0","0","False","False","False","…………。","0","0"
"599910","0","1","2","0","0","5734","0","0","1","1","1","0","0","0","0","0","0","False","False","False","喀赫奇瓦……是我的恩人。<hex:02100103>我曾自甘墮落過一段時間，她是第一個呵斥批評我的人，<hex:02100103>即便那時我與她毫不相干……","我接受邀請加入忘斷軍也是為了報答這份恩情。<hex:02100103>之後我還學會了社交禮儀，也一直都在認真努力地工作。<hex:02100103>可沒想到現在連道別的機會都沒有……","0"
"599929","0","1","2","0","0","763","0","764","1","1","1","0","0","0","0","0","0","False","False","False","你好， <hex:022C0DFF07022903EB0203FF02200203> 。<hex:02100103>尤特蘿普告訴我們的真相著實驚人。<hex:02100103>我得趕緊和亞納姐一起調查靈魂壞死症的治療方法。","不過明明我和亞納姐都是崇靈之民的名字，<hex:02100103>唯獨尤特蘿普這個名字與我們風格迥異，<hex:02100103>你會不會覺得奇怪？","其實尤特姐也是有自己的崇靈之民的名字的。<hex:02100103>不過她是那種喜歡新鮮事物的人，<hex:02100103>所以就給自己改了一個亞歷山德里亞式的名字。"
"599928","0","1","2","0","0","5696","0","0","1","1","1","0","0","0","0","0","0","False","False","False","エリクトニオスさんの反応が気になるのか、<hex:02100103>あなたの帰りを待つ間、先生はずっとソワソワしていましたよ。","0","0"
"599931","0","1","2","0","0","763","0","4229","1","1","1","0","0","0","0","0","0","False","False","False","狡雷本身就是一位雷轉質技術人員，<hex:02100103>她的擂臺也是她自己的作品。","她將自己腦海中描繪的巨大都市透過全息圖進行重現，<hex:02100103>從而可以充分發揮雷之力。","可沒想到她還是輸給了你！<hex:02100103>真是的，姐妹倆都讓我好失望！"
"599930","0","1","2","0","0","933","0","1071","1","1","1","0","0","0","0","0","0","False","False","False","你好啊，輕重量級王者！<hex:02100103>居然能把突然闖入的狡雷都給打倒了，<hex:02100103>你還真是總能給人帶來驚喜啊！","這麼精彩的畫面，真希望可以親眼所見，<hex:02100103>只可惜沒有觀眾席，只能透過轉播畫面為你加油了！","接下來的中量級比賽我也很期待，<hex:02100103>你就一鼓作氣繼續加油吧！"
"599933","0","1","2","0","0","950","0","699","1","1","1","0","0","0","0","0","0","False","False","False","先說清楚啊，<hex:02100103>哈妮．B．可不僅僅是阿爾卡迪亞的鬥士。","她還是知名偶像，<hex:02100103>平時又要開演唱會，又要接廣告做模特！<hex:02100103>很受歡迎的！","我們「哈妮」每天那麼忙，<hex:02100103>輸了也是無可奈何的事……"
"599932","0","1","2","0","0","768","0","950","1","1","1","0","0","0","0","0","0","False","False","False","你這傢伙！<hex:02100103>我要為野蠻爆彈報仇！","……開玩笑的啦。<hex:02100103>感覺最近他在王者的寶座上安逸太久了，<hex:02100103>是時候清醒一下了。","希望他能吸取此次失敗的教訓，繼續磨練違規的招數，<hex:02100103>最終真正地實現王者歸來！"
"599935","0","1","2","0","0","764","0","0","1","1","1","0","0","0","0","0","0","False","False","False","如你所見，我這邊沒有問題。<hex:02100103>我們對食物心存感激，也蓄積了足夠的量。<hex:02100103>話說現在正在表演節目呢，你還是去找菲爾考克斯吧。","0","0"
"599934","0","1","2","0","0","764","0","0","1","1","1","0","0","0","0","0","0","False","False","False","哦，是你啊。<hex:02100103>我還在不斷給人提供幫助呢，一切都很順利。<hex:02100103>或許是因為已經習慣了，感覺有些樂在其中了。","0","0"
"599921","0","1","2","0","0","945","0","0","1","1","1","0","0","0","0","0","0","False","False","False","哼哧……哼哧……<hex:02100103>圖萊尤拉的 國王換人了！<hex:02100103>發展 變化 莫布很期待！","0","0"
"599920","0","1","2","0","0","763","0","0","1","1","1","0","0","0","0","0","0","False","False","False","在繼位典禮開始之前，我去看了圖拉爾敘事詩。<hex:02100103>能感受到我們引以為傲的圖形文字已經完全融入了這裡，<hex:02100103>我很開心看到這種融合。","0","0"
"599923","0","1","2","0","0","763","0","0","1","1","1","0","0","0","0","0","0","False","False","False","之前留在瑪穆克的人當中，<hex:02100103>有不少想借這次參加典禮的機會移居到圖萊尤拉。<hex:02100103>我準備和新任理王談談移居的事宜。","0","0"
"599922","0","1","2","0","0","764","0","0","1","1","1","0","0","0","0","0","0","False","False","False","不是還有一個售賣美味夾餅的店嗎？<hex:02100103>我也想去那邊看看。","0","0"
"599925","0","0","0","0","0","0","0","0","0","0","0","0","0","0","0","0","0","False","False","False","","",""
"599924","0","1","2","0","0","957","0","0","1","1","1","0","0","0","0","0","0","False","False","False","非常抱歉。<hex:02100103>前面已經有客人預約了。","0","0"
"599927","0","1","2","0","0","5695","0","0","1","1","1","0","0","0","0","0","0","False","False","False","あれから先生は、本業の星海研究に加えて、<hex:02100103>パンデモニウムの事件に関する調査を継続しています。","その研究対象には、黒聖石サビクも含まれます。<hex:02100103>エーテルをすべて放出し、すでに抜け殻状態のはずですが、<hex:02100103>欲望を増幅する力が残ってないか慎重に調べていますよ。","0"
"599926","0","1","2","0","0","764","0","0","1","1","1","0","0","0","0","0","0","False","False","False","不好意思，不過真是幫大忙了！<hex:02100103>接下來我也要忙起來了……","0","0"
"599945","0","1","2","0","0","764","0","0","1","1","1","0","0","0","0","0","0","False","False","False","要不要來一局九宮幻卡？<hex:02100103>這東西最近在商人當中非常流行，<hex:02100103>說是學會了，跟外國人做生意的時候也有幫助！","0","0"
"599944","0","1","2","0","0","764","0","0","1","1","1","0","0","0","0","0","0","False","False","False","平手啊……不過有時候是會這樣了。<hex:02100103>方便的話，要不要再來一局？<hex:02100103>這次一定要分出勝負！","0","0"
"599947","0","1","2","0","0","764","0","0","1","1","1","0","0","0","0","0","0","False","False","False","哇啊，輸了啊！！<hex:02100103>看來今天不太走運啊，<hex:02100103>要不把生意的事也放一放吧……","0","0"
"599946","0","1","2","0","0","764","0","0","1","1","1","0","0","0","0","0","0","False","False","False","圖拉爾這邊流行的策略是不是也蠻厲害的？<hex:02100103>分出勝負之前的準備工作很重要，<hex:02100103>生意和九宮幻卡皆是如此！","0","0"
"599949","0","1","2","2","0","764","0","0","1","1","1","0","0","0","0","0","0","False","False","False","哼哧……哼哧……<hex:02100103>莫布一直在照顧的 壺匠<hex:02100103>很擅長 九宮幻卡。","為了能與其一較高下<hex:02100103>莫布也在 努力練習！<hex:02100103>如果有時間的話 就跟莫布來一局吧！","0"
"599948","0","1","2","0","0","764","0","0","1","1","1","0","0","0","0","0","0","False","False","False","哇！真是一場精彩的對決啊！<hex:02100103>雖然沒能分出勝負，<hex:02100103>但這一局和你打得很愉快！","0","0"
"599951","0","1","2","0","0","764","0","0","1","1","1","0","0","0","0","0","0","False","False","False","哼哧……哼哧……<hex:02100103>你的實力 真是驚人！<hex:02100103>給莫布上了一課 謝謝你！","0","0"
"599950","0","1","2","0","0","764","0","0","1","1","1","0","0","0","0","0","0","False","False","False","哼哧……哼哧……<hex:02100103>居然 大獲全勝！<hex:02100103>也許是練習 有了成果？","0","0"
"599937","0","1","2","0","0","764","0","0","1","1","1","0","0","0","0","0","0","False","False","False","哎呀，居然會有人來到這裡……<hex:02100103>這裡禁止無關人員入內，<hex:02100103>要想參觀的話請去別的地方。","0","0"
"599936","0","1","2","0","0","764","0","0","1","1","1","0","0","0","0","0","0","False","False","False","歡迎來到船頭小屋。<hex:02100103>雖然我還是個新手接待，不過您有什麼事的話請儘管吩咐！","0","0"
"599939","0","1","0","0","0","0","0","0","1","1","1","0","0","0","0","0","0","False","False","False","我是想來看望一下住在這邊的孫子，<hex:02100103>才特地從魯瓦特尼亞薩過來。<hex:02100103>希望他安然無恙……","0","0"
"599938","0","1","2","0","0","9014","0","0","1","1","1","0","0","0","0","0","0","False","False","False","呼呼……呼呼……<hex:02100103>為了能讓菲爾考克斯在幫助他人這方面能做得更好，<hex:02100103>就麻煩你多費心了。","0","0"
"599941","0","1","2","2","0","764","0","0","1","1","1","0","0","0","0","0","0","False","False","False","啊，你也知道九宮幻卡嗎？<hex:02100103>聽說這東西在艾奧傑亞非常流行，<hex:02100103>為了方便和外國的商業夥伴打成一片，我也特地學了學。","就當作是消遣，<hex:02100103>跟我來一局看看吧！","0"
"599940","0","1","2","0","0","764","0","0","1","1","1","0","0","0","0","0","0","False","False","False","我孫子的事就拜託你了……","0","0"
"599943","0","1","2","0","0","764","0","0","1","1","1","0","0","0","0","0","0","False","False","False","輸得很徹底，看來我還差得遠呢……<hex:02100103>雖說過度沉迷遊戲會容易忽略本職工作，<hex:02100103>但也足以說明這東西就是有這樣的魅力。","0","0"
"599942","0","1","2","0","0","764","0","0","1","1","1","0","0","0","0","0","0","False","False","False","呵呵，我是不是很厲害啊？<hex:02100103>說不定我很有這方面的天賦呢。","0","0"
"599961","0","1","1","0","0","755","0","0","1","1","1","0","0","0","0","0","0","False","False","False","玩九宮幻卡的時候，<hex:02100103>我總是會想起許久未見的圖萊尤拉的死黨。<hex:02100103>話說你要不要跟我來上一局？","0","0"
"599960","0","1","2","0","0","764","0","0","1","1","1","0","0","0","0","0","0","False","False","False","好可惜……打成平手了啊。<hex:02100103>不過我已經慢慢掌握訣竅了，<hex:02100103>以後有時間的話，希望你能再跟我來上一局！","0","0"
"599963","0","1","1","0","0","755","0","0","1","1","1","0","0","0","0","0","0","False","False","False","可惡，是你贏了！<hex:02100103>這讓我想起了當初在死黨那輸得找不著北的時光。<hex:02100103>希望他此刻也正在障壁的外面充滿活力地玩著卡牌……","0","0"
"599962","0","1","1","0","0","755","0","0","1","1","1","0","0","0","0","0","0","False","False","False","哎呀，居然是我贏了啊。<hex:02100103>看來是死黨教給我的戰術起了效果。<hex:02100103>那我們就趁勢再來一局吧！","0","0"
"599965","0","1","2","0","0","764","0","0","1","1","1","0","0","0","0","0","0","False","False","False","你知道九宮幻卡嗎？<hex:02100103>方便的話，希望你可以陪我來上一局。<hex:02100103>感覺我之前應該和人玩過很多次了，可是最近一直找不到對手。","0","0"
"599964","0","1","1","0","0","755","0","0","1","1","1","0","0","0","0","0","0","False","False","False","嗯，打成平手了啊。<hex:02100103>碰到這種情況的話死黨是會要求再來一局的……<hex:02100103>你覺得呢？","0","0"
"599967","0","1","2","0","0","1024","0","0","1","1","1","0","0","0","0","0","0","False","False","False","嗚嗚，我輸了……<hex:02100103>以前好像也有過這種與人對戰輸掉，體會到苦澀滋味的經歷。<hex:02100103>雖然我已經想不起來那個人是誰了。","0","0"
"599966","0","1","2","0","0","708","0","0","1","1","1","0","0","0","0","0","0","False","False","False","我贏了。<hex:02100103>說起來，這種興奮感給我一種似曾相識的感覺……<hex:02100103>為什麼呢？真是想不明白。","0","0"
"599953","0","1","2","0","0","764","0","0","1","1","1","0","0","0","0","0","0","False","False","False","九宮幻卡啊……真不錯，那來一局吧！<hex:02100103>我也是最近從旅行商人那裡瞭解到這個遊戲，聽說很有趣……<hex:02100103>剛好我有一個戰術很想驗證一下！","0","0"
"599952","0","1","2","0","0","764","0","0","1","1","1","0","0","0","0","0","0","False","False","False","哼哧……哼哧……<hex:02100103>這是 平局了？<hex:02100103>看來 莫布也在 慢慢成長？","0","0"
"599955","0","1","2","0","0","764","0","0","1","1","1","0","0","0","0","0","0","False","False","False","哎呀，居然看穿了我的戰術……<hex:02100103>你真是一個值得敬畏的對手！<hex:02100103>真是一場如同狩獵般精彩的對決，謝謝你！","0","0"
"599954","0","1","2","0","0","708","0","0","1","1","1","0","0","0","0","0","0","False","False","False","哦！看來我的戰術奏效了！<hex:02100103>不過不得不說，你是個很難纏的對手……<hex:02100103>要是再來一局的話，我也未必能贏。","0","0"
"599957","0","1","2","0","0","764","0","0","1","1","1","0","0","0","0","0","0","False","False","False","你如果有空的話，要不要跟我來一局九宮幻卡？<hex:02100103>最近這東西在酒館很流行，但我卻一直輸……<hex:02100103>你就陪我練習一下吧！","0","0"
"599956","0","1","2","0","0","764","0","0","1","1","1","0","0","0","0","0","0","False","False","False","嗯，打成平手了啊。<hex:02100103>不過我好幾次都被你驚出了一身冷汗……<hex:02100103>看來下次和你對戰時，我得想點新戰術才行！","0","0"
"599959","0","1","2","0","0","1024","0","0","1","1","1","0","0","0","0","0","0","False","False","False","可惡，我又輸了啊……<hex:02100103>看來還需要繼續練習，<hex:02100103>今後我可不想再輸給你還有酒館的那些傢伙了。","0","0"
"599958","0","1","2","0","0","1071","0","0","1","1","1","0","0","0","0","0","0","False","False","False","太好了！我終於贏了！<hex:02100103>我要一鼓作氣，<hex:02100103>把酒館的那些傢伙也打得落花流水！","0","0"
"599977","0","1","2","0","0","945","0","0","1","1","1","0","0","0","0","0","0","False","False","False","哼哧……原本完全 不會來的<hex:02100103>圖萊尤拉的船隻 來到了！<hex:02100103>調味料 得以補充 真是太好了 非常感謝！","0","0"
"599976","0","1","1","0","0","755","0","0","1","1","1","0","0","0","0","0","0","False","False","False","透過最近發生的一些事，<hex:02100103>我再次體會到圖萊尤拉有多麼強大，人民有多麼團結。<hex:02100103>身為一名商人，我也想為祖國盡一點綿薄之力。","0","0"
"599979","0","1","2","0","0","764","0","0","1","1","1","0","0","0","0","0","0","False","False","False","既然圖萊尤拉的形勢已經穩定下來了，<hex:02100103>應該可以請求聯王大人撥點人手幫忙修復大階臺了吧……<hex:02100103>終於，終於可以有所進展了。","0","0"
"599978","0","1","2","0","0","4219","0","0","1","1","1","0","0","0","0","0","0","False","False","False","自從這裡受暴風雨襲擊崩塌後，<hex:02100103>交通受阻，各地的日子都不太好過。","0","0"
"599981","0","1","2","0","0","949","763","0","1","1","1","0","0","0","0","0","0","False","False","False","哼哧……哼哧……<hex:02100103>無論是壞掉的陶器 還是受損的都城<hex:02100103>都不是無法修復的！","用碎片修補 或者變廢為寶<hex:02100103>不管多少次都可以 死灰復燃！","0"
"599980","0","1","2","0","0","4218","0","0","1","1","1","0","0","0","0","0","0","False","False","False","十分抱歉，這裡暫時無法通行。<hex:02100103>如果你著急的話，只能換一條路了。","0","0"
"599983","0","1","2","0","0","766","949","0","1","1","1","0","0","0","0","0","0","False","False","False","兩位新聯王共治 莫布很期待！","就像 壺匠和 莫布們一樣<hex:02100103>攜手並進 創造出一個 出色的國度！","0"
"599982","0","1","2","0","0","945","949","0","1","1","1","0","0","0","0","0","0","False","False","False","圖萊尤拉的局勢 逐漸安穩了<hex:02100103>買賣 商談 也開始增多了！","要開始收集 能刺激壺匠們的<hex:02100103>最棒的素材！","0"
"599969","0","1","2","0","0","764","0","0","1","1","1","0","0","0","0","0","0","False","False","False","你玩過九宮幻卡嗎！<hex:02100103>聽說這東西可以培養戰略思考能力，最近特地學了一下，<hex:02100103>可以的話要不要和我來上一局啊？","0","0"
"599968","0","1","2","0","0","764","0","0","1","1","1","0","0","0","0","0","0","False","False","False","哎呀，打成了平局啊。<hex:02100103>要是換一種戰法應該就能贏了……<hex:02100103>要不要再來一局？","0","0"
"599971","0","1","2","0","0","764","0","0","1","1","1","0","0","0","0","0","0","False","False","False","哎呀，毫無還手之力的慘敗。<hex:02100103>沒想到能遇到像你這樣智謀非凡的人……<hex:02100103>此次交手是一次非常不錯的經驗。","0","0"
"599970","0","1","2","0","0","764","0","0","1","1","1","0","0","0","0","0","0","False","False","False","呵呵，看來是我贏了。<hex:02100103>比起活動身體，<hex:02100103>動腦帶來的暢快感別有一番風味。","0","0"
"599973","0","1","2","0","0","763","949","0","1","1","1","0","0","0","0","0","0","False","False","False","哼哧……哼哧……<hex:02100103>大階臺的 修復計劃 還有很長的路 要走。","哈努族的 熟人朋友<hex:02100103>至今還在懸崖下面 努力著……！","0"
"599972","0","1","2","0","0","764","0","0","1","1","1","0","0","0","0","0","0","False","False","False","雖然是以平局結束，不過真是一次不錯的交流。<hex:02100103>感覺自己身為一名武人又上了一個臺階，<hex:02100103>謝謝你，來自異國的旅行者。","0","0"
"599975","0","1","2","0","0","763","0","0","1","1","1","0","0","0","0","0","0","False","False","False","我過去一直以佐拉加大人為榜樣，想要變得像他一樣強大。<hex:02100103>所以一邊進行武者修行，一邊做傭兵謀生……<hex:02100103>不過聽聞他弒父的消息後，我便無法再將他視為榜樣了。","0","0"
"599974","0","1","2","0","0","5696","0","0","1","1","1","0","0","0","0","0","0","False","False","False","我滯留在這裡的這段時間，<hex:02100103>圖萊尤拉似乎發生了很多事。<hex:02100103>如果我當初回去了，應該也會被捲入那場襲擊當中吧。","0","0"
"599993","0","1","2","0","0","9166","0","0","1","1","1","0","0","0","0","0","0","False","False","False","噢霍卡利！<hex:02100103>也許是受展翅節的影響，<hex:02100103>整個哈努聚落的氛圍都變得歡快起來了。","0","0"
"599992","0","1","2","0","0","1023","0","0","1","1","1","0","0","0","0","0","0","False","False","False","蘆葦歉收的問題解決以後，<hex:02100103>相信糧食短缺的窘境也會隨之改善。<hex:02100103>哎呀，哎呀，真是太感謝了……","0","0"
"599995","0","1","2","0","0","764","0","0","1","1","1","0","0","0","0","0","0","False","False","False","展翅節非常熱鬧！<hex:02100103>我已經，我已經很久沒有看到大家這麼開心了，<hex:02100103>我也很高興！","0","0"
"599994","0","1","2","0","0","9166","0","0","1","1","1","0","0","0","0","0","0","False","False","False","噢霍卡利！<hex:02100103>看樣子大家都想吃蘆葦糰子，<hex:02100103>蘆葦歉收的問題解決後，有很多人都發來了委託！","0","0"
"599997","0","1","2","0","0","764","953","0","1","1","1","0","0","0","0","0","0","False","False","False","聽說烏克．拉瑪特大人和柯納大人成了新的聯王？","這真是，這真是可喜可賀。<hex:02100103>畢竟是他們讓蘆葦的長勢得以好轉，<hex:02100103>那豈有不支持他們的道理。","0"
"599996","0","1","2","0","0","4219","0","0","1","1","1","0","0","0","0","0","0","False","False","False","聽說新的聯王由烏克．拉瑪特大人和柯納大人共同擔當。<hex:02100103>真不錯，真不錯，他們二人共治，<hex:02100103>感覺無論遇到什麼困難都可以克服。","0","0"
"599999","0","1","2","0","0","1023","0","0","1","1","1","0","0","0","0","0","0","False","False","False","好愜意，好愜意……<hex:02100103>我能清晰地感受到如今的風比之前更加怡人，<hex:02100103>我都忍不住想要隨風起舞了！","0","0"
"599998","0","1","2","0","0","764","0","0","1","1","1","0","0","0","0","0","0","False","False","False","展翅節之後，感覺這裡的整個氛圍都發生了改變！<hex:02100103>一定是因為大地重新煥發活力，才會這樣的！","0","0"
"599985","0","1","2","0","0","763","0","0","1","1","1","0","0","0","0","0","0","False","False","False","哼哧……哼哧……<hex:02100103>這邊是災害 那邊是襲擊 都不太平。","但只要 能熬過去<hex:02100103>就可以永不言敗 絕不氣餒 重新振作起來！","0"
"599984","0","1","2","0","0","763","0","0","1","1","1","0","0","0","0","0","0","False","False","False","哼哧……哼哧……<hex:02100103>烏克．拉瑪特大人和柯納大人 成為新聯王 真好！","既保障了 莫布們的生活<hex:02100103>還維繫了 壺匠與莫布們的 關係！","0"
"599987","0","1","2","0","0","763","0","0","1","1","1","0","0","0","0","0","0","False","False","False","我聽說，我聽說，在我一心釣魚這段時間，<hex:02100103>圖萊尤拉遭到了襲擊。<hex:02100103>一想到這個時候我還在悠閒地釣魚，就很慚愧……","0","0"
"599986","0","1","2","0","0","763","945","0","1","1","1","0","0","0","0","0","0","False","False","False","哼哧……青梅竹馬的商人 在都城的商店<hex:02100103>似乎遭受了襲擊。","但即便如此 她也沒有關店 還說要 繼續做生意！<hex:02100103>為了回應 這份決心 莫布也要 好好努力！","0"
"599989","0","1","2","0","0","953","0","0","1","1","1","0","0","0","0","0","0","False","False","False","真不錯！真不錯！水田的蘆葦長勢喜人！<hex:02100103>因為蘆葦還可以當作建材使用，<hex:02100103>這下建築的修繕工作應該可以順利進行了。","0","0"
"599988","0","1","2","0","0","763","764","0","1","1","1","0","0","0","0","0","0","False","False","False","我認為正因身處亂世，才應當記錄有價值的魔法，<hex:02100103>所以才會留在這裡繼續工作……","如今換了新國王，王宮的體制應該也會發生變化，<hex:02100103>我是不是也該回圖萊尤拉看看呢？","0"
"599991","0","1","2","0","0","4219","0","0","1","1","1","0","0","0","0","0","0","False","False","False","雖然最近我們這和圖萊尤拉的日子都比較艱難，<hex:02100103>但是物流方面已經在慢慢恢復了。<hex:02100103>接下來只要修好大階臺……","0","0"
"599990","0","1","2","0","0","764","0","0","1","1","1","0","0","0","0","0","0","False","False","False","因為襲擊的影響，圖萊尤拉目前仍有一些物品庫存不足。<hex:02100103>雖然我們這邊也因暴風雨的緣故不剩多少儲備了，<hex:02100103>但還是決定力所能及地支援一些日常用品。","0","0"
"600009","0","1","2","0","0","4218","5533","0","1","1","1","0","0","0","0","0","0","False","False","False","豔翼蛇鳥引發騷動的時候，<hex:02100103>我曾與一個尤卡巨人族有過一些簡單的交流。","他看上去很擔心，<hex:02100103>提醒我們如果有必要的話要及時避難……<hex:02100103>我之前都不知道尤卡巨人族原來還有這麼溫柔的一面。","0"
"600008","0","1","2","0","0","763","0","0","1","1","1","0","0","0","0","0","0","False","False","False","剛才來了個尤卡巨人族，提醒我們加強警戒，<hex:02100103>小心豔翼蛇鳥！雖然對方是好意，<hex:02100103>但看到那樣龐大的身軀我還是難免嚇了一跳。","0","0"
"600011","0","1","2","0","0","763","0","0","1","1","1","605","0","0","0","0","0","False","False","False","這酒還合你的口味嗎？<hex:02100103>這裡有梅斯卡酒，還有從各地購入的酒類。<hex:02100103>要不要再來點下酒菜啊？","0","0"
"600010","0","1","2","0","0","4218","0","0","1","1","1","0","0","0","0","0","0","False","False","False","我難得地見到了尤卡巨人族的客人。<hex:02100103>早知道也向他們推薦一些能平復心情的飲品了。","0","0"
"600013","0","1","2","0","0","763","0","0","1","1","1","0","0","0","0","0","0","False","False","False","托布利要我們整理貴重物品，<hex:02100103>是出了什麼事嗎？<hex:02100103>明明貨車還沒有裝滿，不到發車的時候呢……","0","0"
"600012","0","1","2","0","0","9003","0","0","1","1","1","0","0","0","0","0","0","False","False","False","每當穿上這傳統服裝，戴上這仿照最強的象徵製作的面具時，<hex:02100103>我們便會充滿了活力！","0","0"
"600015","0","1","2","0","0","4218","0","0","1","1","1","0","0","0","0","0","0","False","False","False","剛才來了個尤卡巨人族的人。<hex:02100103>他看起來十分慌張，應該不是來參加酒宴的。","0","0"
"600014","0","1","2","0","0","4219","0","0","1","1","1","0","0","0","0","0","0","False","False","False","我周圍的人似乎已經擺脫了暴風雨的影響，<hex:02100103>都接二連三地重新開始忙起了生意……<hex:02100103>哎呀，我是不是落後了？","0","0"
"600001","0","1","2","0","0","1023","0","0","1","1","1","0","0","0","0","0","0","False","False","False","多虧了幾位客人的幫助，現在蘆葦長勢良好。<hex:02100103>真的是太謝謝你們了！","0","0"
"600000","0","1","2","0","0","763","0","0","1","1","1","0","0","0","0","0","0","False","False","False","原本想著久違地去一趟圖萊尤拉也蠻好，<hex:02100103>不過那邊最近好像不太平啊。","土陶郡的莫布爾們已經把支援物資送過去了……<hex:02100103>我們也在討論該為圖萊尤拉做些什麼。","0"
"600003","0","1","2","0","0","949","766","0","1","1","1","0","0","0","0","0","0","False","False","False","哼哧……哼哧……<hex:02100103>即使不會游泳 即使會被沖走<hex:02100103>莫布也想感受 釣魚的樂趣……！","為了能安全地 尋找靈感<hex:02100103>要不要去一趟 圖萊尤拉呢？","0"
"600002","0","1","2","0","0","4219","0","0","1","1","1","0","0","0","0","0","0","False","False","False","你是烏克．拉瑪特大人的朋友！<hex:02100103>非常歡迎你的到來！","0","0"
"600005","0","1","2","0","0","4218","0","0","1","1","1","6215","0","0","0","0","0","False","False","False","エリクトニオスが自然と発したあなたの話題……。<hex:02100103>出会わずとも、お互い気にかけていることが伝わってきました。<hex:02100103>皆さんの縁は、はるか未来まで続いていくのでしょうね。","0","0"
"600004","0","1","2","0","0","763","0","0","1","1","1","0","0","0","0","0","0","False","False","False","哼哧……哼哧……<hex:02100103>受傷的看護人 也都好了 大家都恢復了精神！<hex:02100103>照料壺匠 不差人手了！","0","0"
"600007","0","1","1","0","0","765","0","0","1","1","1","605","0","0","0","0","0","False","False","False","今天這裡也飄蕩著咖啡的濃郁香氣呢！<hex:02100103>在晴朗的天空下品嘗著產自奇畢露咖啡農園的美味咖啡，<hex:02100103>這感覺真是太棒了！","0","0"
"600006","0","1","1","0","0","9072","0","0","1","1","1","0","0","0","0","0","0","False","False","False","剛才難得地看到了尤卡巨人族。<hex:02100103>我本想用咖啡招待他們……<hex:02100103>但他們看起來非常慌張的樣子。","0","0"
"600025","0","1","2","0","0","711","4218","0","1","1","1","0","0","0","0","0","0","False","False","False","你跟外面的亞弗利聊過了嗎？<hex:02100103>他非常喜歡羊駝，<hex:02100103>但是羊駝們卻非常討厭他。","可就算被羊駝吐了口水，亞弗利還一臉高興的樣子……<hex:02100103>他對羊駝的熱愛之情真是令人敬佩。","0"
"600024","0","1","2","0","0","764","0","0","1","1","1","0","0","0","0","0","0","False","False","False","羊駝們的樣子看起來好奇怪……<hex:02100103>還是第一次出現這種情況。","0","0"
"600027","0","1","2","0","0","9015","0","0","1","1","1","0","0","0","0","0","0","False","False","False","產出咖啡豆的可可樹對生長環境的要求相當苛刻，<hex:02100103>太熱太冷都不行。而奧闊帕恰山穩定的氣候和環境，<hex:02100103>也是可可樹得以在這裡生長的重要因素。","0","0"
"600026","0","1","2","0","0","763","764","0","1","1","1","0","605","0","0","0","0","False","False","False","我正在對收穫的咖啡豆進行乾燥處理。<hex:02100103>透過這樣仔細地用手攪拌，<hex:02100103>就可以使咖啡豆和乾燥的空氣充分接觸。","喝著美味的咖啡度過悠閒時光……<hex:02100103>感覺為此無論花費多少時間，付出多少辛苦都是值得的。","0"
"600029","0","1","2","0","0","1041","0","0","1","1","1","605","0","0","0","0","0","False","False","False","我在這裡負責對出貨前的咖啡豆進行檢驗，<hex:02100103>然後把它們裝到羊駝的貨車上送走。<hex:02100103>我很享受這份工作，做這些事時就像喝了咖啡一樣愉悅。","0","0"
"600028","0","1","2","0","0","763","0","0","1","1","1","0","0","0","0","0","0","False","False","False","從這裡往西去，有一個米普露馬黛茶園。<hex:02100103>雖然馬黛茶也對身體有好處，<hex:02100103>不過咖啡的優點就在於能有各種飲用方法。","0","0"
"600031","0","1","2","0","0","764","0","0","1","1","1","0","0","0","0","0","0","False","False","False","今後我也會繼續追求美味的馬黛茶。<hex:02100103>製作出擁有更高的市場價值、被更多人喜愛的馬黛茶就是我的目標。","0","0"
"600030","0","1","2","0","0","9003","0","0","1","1","1","0","0","0","0","0","0","False","False","False","豔翼蛇鳥就是那個聯王大人也未能討伐掉的圖拉爾威爪吧？<hex:02100103>你居然將它打倒了，真是太厲害了。","0","0"
"600017","0","1","2","0","0","766","0","0","1","1","1","0","0","0","0","0","0","False","False","False","羊駝們看起來很膽怯……<hex:02100103>它們是聽到了什麼嗎？","0","0"
"600016","0","1","2","0","0","1071","0","0","1","1","1","605","0","0","0","0","0","False","False","False","我打算準備一些美味的梅斯卡酒，<hex:02100103>將來遇到什麼喜事也方便慶祝。<hex:02100103>現在得抓緊時間努力製作！","0","0"
"600019","0","1","2","0","0","766","0","0","1","1","1","0","0","0","0","0","0","False","False","False","我剛才遇到了托布利，他看起來十分慌張。<hex:02100103>是發生了什麼事嗎……","0","0"
"600018","0","1","2","0","0","5695","0","0","1","1","1","0","0","0","0","0","0","False","False","False","羊駝們都比較敏感。<hex:02100103>不過相對地，如果它們表現得很悠哉悠哉，<hex:02100103>那說明也沒有什麼危急之事。","0","0"
"600021","0","1","2","0","0","4218","0","0","1","1","1","0","0","0","0","0","0","False","False","False","從這裡往北，有一處名為龍舌蘭牙床的田地。<hex:02100103>那裡也有魔物，請多加小心……<hex:02100103>啊，不過這種提醒對你來說可能有些多餘了。","0","0"
"600020","0","1","2","0","0","5695","0","0","1","1","1","605","0","0","0","0","0","False","False","False","歡迎來到瓦丘恩佩洛！<hex:02100103>很高興見到你！","0","0"
"600023","0","1","2","0","0","763","4218","0","1","1","1","605","0","0","0","0","0","False","False","False","這裡是朋友牧場，是飼育羊駝的地方。<hex:02100103>羊駝那如雲朵一般白白軟軟的、搖搖晃晃的耳朵，<hex:02100103>還有那悠哉悠哉的樣子，實在是太可愛了！","我雖然很喜歡羊駝，<hex:02100103>可它們卻不怎麼待見我，經常朝我吐唾沫。<hex:02100103>哎呀，這種直率的樣子也很可愛！羊駝果然最棒了！","0"
"600022","0","1","2","0","0","691","0","0","1","1","1","0","0","0","0","0","0","False","False","False","羊駝們似乎在害怕什麼東西……<hex:02100103>如果讓我知道有誰在嚇唬它們，<hex:02100103>那我可要好好教訓教訓那傢伙！","0","0"
"600041","0","1","2","0","0","764","0","0","1","1","1","0","0","0","0","0","0","False","False","False","這位客人，我奉勸你一句，<hex:02100103>在受到什麼傷害之前，趁早離開此地……","0","0"
"600040","0","1","1","0","0","765","0","0","1","1","1","0","0","0","0","0","0","False","False","False","這樣泡在溫泉裡什麼都不用想，<hex:02100103>吹著風眺望著遠處的風景……<hex:02100103>就感覺世間的紛爭似乎都沒那麼重要了……","0","0"
"600043","0","1","2","0","0","763","0","0","1","1","1","0","0","0","0","0","0","False","False","False","雖然豔翼蛇鳥的事算是告一段落了……<hex:02100103>但需要藥物救治的人還是很多啊。","0","0"
"600042","0","1","2","0","0","764","0","0","1","1","1","0","0","0","0","0","0","False","False","False","唉，好忙啊……<hex:02100103>豔翼蛇鳥被討伐雖然令人欣喜，<hex:02100103>但救治傷員的事也不能耽擱。","0","0"
"600045","0","1","2","0","0","763","0","0","1","1","1","0","0","0","0","0","0","False","False","False","雖然現在還有很多傷員，還沒到放鬆的時候，<hex:02100103>不過等到一切都安定下來後，或許可以開個宴會慶祝一下。<hex:02100103>畢竟今後再也不用擔憂豔翼蛇鳥的襲擊了！","0","0"
"600044","0","1","2","0","0","764","0","0","1","1","1","0","0","0","0","0","0","False","False","False","為了應對不得已撤離這裡的情況，<hex:02100103>我必須事先為大家準備足夠的乾糧才行……","0","0"
"600047","0","1","2","0","0","764","0","0","1","1","1","0","0","0","0","0","0","False","False","False","討伐了擁有生命的天災的人就是你啊。<hex:02100103>我第一眼看到你的時候就知道你絕非常人……<hex:02100103>我發自內心地感謝你。","0","0"
"600046","0","1","2","0","0","764","0","0","1","1","1","0","0","0","0","0","0","False","False","False","沒想到事態竟然會發展到這個地步……<hex:02100103>我也只能祈願這裡平安無事了……","0","0"
"600033","0","1","2","0","0","5695","0","0","1","1","1","605","0","0","0","0","0","False","False","False","討伐了圖拉爾威爪的勇士，歡迎你的到來。<hex:02100103>託你的福，伊庫烏洛商旅館今天也是生意興隆。","0","0"
"600032","0","1","2","0","0","766","0","0","1","1","1","0","0","0","0","0","0","False","False","False","剛才我接到聯繫說豔翼蛇鳥的封印被解開了。<hex:02100103>我應該怎麼把這件事告訴客人們，<hex:02100103>才能讓他們不會陷入恐慌呢……","0","0"
"600035","0","1","0","0","0","766","0","0","1","1","1","0","0","0","0","0","0","False","False","False","剛才是不是發生了一點小地震？<hex:02100103>希望是我的錯覺……","0","0"
"600034","0","1","2","0","0","763","0","0","1","1","1","0","0","0","0","0","0","False","False","False","我是來這裡做生意的，並非是來做客的。<hex:02100103>但佩魯佩魯族的人卻像對待客人一樣熱情招待我。","外面一有什麼風吹草動，他們就一一告訴我。<hex:02100103>多虧了他們，即便不出這片大山也能掌握外界的消息。","0"
"600037","0","1","1","0","0","9072","0","0","1","1","1","0","0","0","0","0","0","False","False","False","剛才水面出現了一點小波動……<hex:02100103>是發生了地震之類的嗎？","0","0"
"600036","0","1","2","0","0","5695","0","0","1","1","1","605","0","0","0","0","0","False","False","False","歡迎來到溫泉館「帕納克佩魯休養所」！<hex:02100103>我聽說了你在各處的活躍事蹟。<hex:02100103>如果在旅途中感到疲憊，就在這裡好好放鬆一下吧！","0","0"
"600039","0","1","1","0","0","765","0","0","1","1","1","0","0","0","0","0","0","False","False","False","剛才能感覺到大地有一點小晃動。<hex:02100103>如果發生大地震的話，<hex:02100103>那這裡就危險了，說不定會出現崩塌……","0","0"
"600038","0","1","1","0","0","765","0","0","1","1","1","605","0","0","0","0","0","False","False","False","我是受僱來做商人的護衛的，<hex:02100103>但雇主的交易似乎延期了……<hex:02100103>沒辦法，我就藉此機會好好地享受一下溫泉吧。","0","0"
"600057","0","1","2","0","0","766","0","0","1","1","1","0","0","0","0","0","0","False","False","False","我剛才聽到了震耳欲聾的咆哮聲……<hex:02100103>難道說那是……","0","0"
"600056","0","1","2","0","0","764","0","0","1","1","1","0","0","0","0","0","0","False","False","False","卡遼扎神殿今後將會成為<hex:02100103>傳頌曾經救我們於水火的人們的地方。<hex:02100103>願圖萊尤拉聯合王國常有好運相伴！","0","0"
"600059","0","1","2","0","0","768","0","0","1","1","1","0","0","0","0","0","0","False","False","False","居然會出這種事……<hex:02100103>我一直覺得那個王位繼承人笑起來很噁心！！<hex:02100103>他果然是個卑鄙的混蛋！","0","0"
"600058","0","1","2","0","0","763","0","0","1","1","1","0","0","0","0","0","0","False","False","False","這裡是不要忘卻的深奧。<hex:02100103>繼承自祖先的壁畫能得以完好保存，<hex:02100103>都是客人你們幫忙討伐了圖拉爾威爪的功勞。","0","0"
"600061","0","1","2","0","0","763","0","0","1","1","1","0","0","0","0","0","0","False","False","False","這下糟了……<hex:02100103>得趕緊想辦法聯繫我的幾位老主顧，<hex:02100103>讓他們暫時別來這邊了。","0","0"
"600060","0","1","2","0","0","767","0","0","1","1","1","0","0","0","0","0","0","False","False","False","呵呵，我們剛才還在聊你呢。<hex:02100103>說你是討伐了圖拉爾威爪的強大勇士！","0","0"
"600063","0","1","2","0","0","4218","0","0","1","1","1","0","0","0","0","0","0","False","False","False","我剛剛感到了一陣輕微的晃動……<hex:02100103>希望沒有發生什麼事。","0","0"
"600062","0","1","2","0","0","763","0","0","1","1","1","0","0","0","0","0","0","False","False","False","在往來於這個村落的旅行商人當中<hex:02100103>有一些也會因為豔翼蛇鳥而擔驚受怕。<hex:02100103>如果告訴他們豔翼蛇鳥已被討伐的消息，相信他們一定會很高興的！","0","0"
"600049","0","1","2","0","0","764","0","0","1","1","1","0","0","0","0","0","0","False","False","False","這一帶有很多古怪的魔物，所以我們要時刻保持警戒。<hex:02100103>你在這附近活動的時候也一定要多加小心……<hex:02100103>不過像客人你這樣的高手，應該不需要這種忠告吧。","0","0"
"600048","0","1","2","0","0","763","0","0","1","1","1","0","0","0","0","0","0","False","False","False","騷動的事我都聽說了……<hex:02100103>周邊的警備工作就交給我們吧，<hex:02100103>討伐豔翼蛇鳥的事就拜託你了！","0","0"
"600051","0","1","2","0","0","764","0","0","1","1","1","0","0","0","0","0","0","False","False","False","能每天都這樣安穩地在田裡耕作，<hex:02100103>全都是聯王大人和你們的功勞。","0","0"
"600050","0","1","2","0","0","764","0","0","1","1","1","0","0","0","0","0","0","False","False","False","如果豔翼蛇鳥去而復返，<hex:02100103>這片田地恐怕也免不了遭殃……<hex:02100103>唉，這可是大家辛苦勞作的成果啊。","0","0"
"600053","0","1","2","0","0","763","0","0","1","1","1","0","0","0","0","0","0","False","False","False","看到家人安然無恙，我真是鬆了一口氣。<hex:02100103>你也參與了討伐豔翼蛇鳥吧？<hex:02100103>我們一家人會永遠銘記你的貢獻的！","0","0"
"600052","0","1","2","0","0","766","0","0","1","1","1","0","0","0","0","0","0","False","False","False","啊，得讓家人趕緊避難才行……","0","0"
"600055","0","1","2","0","0","763","764","0","1","1","1","0","0","0","0","0","0","False","False","False","由於當時情況緊急，我沒顧得上阻攔那個雙頭輝鱗族。<hex:02100103>那傢伙身為王位候選人卻做出那種事，還逃脫了責罰，<hex:02100103>實在是讓人氣憤……","不過比起這個，<hex:02100103>現在更應該擔心是甦醒的豔翼蛇鳥，也不知它究竟去了哪裡。<hex:02100103>請你務必助我們一臂之力！","0"
"600054","0","1","0","0","0","766","0","0","1","1","1","0","0","0","0","0","0","False","False","False","可惡……沒想到事情居然會發展成這樣……","0","0"
